,모집직종,고용형태,임금형태,임금,요구경력,요구학력,전공계열,요구자격증,사업장 주소,기업형태,Classification
0,주입·포장·상표부착기 등 기타 기계 조작원,1,0,9160,0,0,0,0,경기도 남양주시 다산중앙로19번길 21 (다산동) 5층 514호,0,생산/제조
1,"인쇄, 목재, 가구 및 기타 제조 분야 단순 종사원",1,0,9620,0,0,0,0,경기도 부천시 오정로 27-26 (삼정동),0,생산/제조
2,"기타 서비스 단순종사원(사우나,찜질방 정리원 등)",0,0,9650,0,0,보건학,0,경기도 안산시 단원구 적금로 123 (고잔동),4,서비스
3,단체 급식 보조원,1,0,9620,0,0,0,0,경기도 용인시 수지구 문인로 30 5층 현대그린푸드 (동천동),1,서비스
4,물류 사무원(물류 관리사),1,2,3200000,0,0,0,0,경기도 의왕시 장안남북로1길 4 .,1,서비스
5,총무 및 일반 사무원,0,3,30000000,0,0,0,0,경기도 하남시 위례대로4길 29 경영지원팀 (학암동),1,경영/사무
6,사무 보조원(공공기관),0,0,9620,0,0,0,0,경상남도 밀양시 밀양대로 2047 (교동),3,경영/사무
7,사무 보조원(공공기관),0,0,9620,0,0,0,0,경상남도 양산시 중앙로 39 503-3 (남부동),3,경영/사무
8,직업 운동선수,0,0,9620,0,0,0,0,경상남도 창원시 마산합포구 진전면 팔의사로 495 (주)고려이노테크,1,전문/특수직
9,"인쇄, 목재, 가구 및 기타 제조 분야 단순 종사원",2,0,9620,0,0,0,0,"경상남도 함안군 칠원면 유장길 433 (유원리, 사회복지법인가람 위드에이블)",2,생산/제조
10,직업 운동선수,1,0,9160,0,0,체육,0,경상북도 경산시 경산로44길 7 2층,2,전문/특수직
11,계기 검침원 및 가스 점검원,0,2,2000000,0,0,전기공학,0,경상북도 구미시 1공단로6길 94 영남에너지서비스,1,서비스
12,사서,0,0,9620,0,0,0,0,경상북도 김천시 구읍길 57 (삼락동),3,서비스
13,건물 보수원 및 영선원(아파트 기계·전기 시설관리 제외),0,0,9620,0,0,0,0,경상북도 김천시 모암사랑10길 9 (모암동),3,생산/제조
14,환경 미화원,0,0,9620,0,0,0,0,경상북도 문경시 호계면 태봉1길 25 (호계면),3,서비스
15,사서,0,2,1000000,0,0,0,0,경상북도 성주군 성주읍 주천로 15-11 (예산리),3,서비스
16,환경 미화원,0,0,9160,0,0,0,0,경상북도 안동시 경동로 554 (당북동),3,서비스
17,주입·포장·상표부착기 등 기타 기계 조작원,1,0,9160,0,0,0,0,경상북도 안동시 북후면 광평2길 106-25 (도촌리),2,생산/제조
18,환경 미화원,0,0,9160,0,0,0,0,경상북도 안동시 송현동 380번지,3,서비스
19,음료 조리사(바리스타 포함),0,0,9620,0,0,0,0,경상북도 안동시 풍천면 도청대로 511 .(갈전리),3,서비스
20,사서,0,0,9620,0,0,0,0,"경상북도 의성군 의성읍 중리길 44 (중리리, 의성공공도서관)",3,서비스
21,"건물 청소원(공공건물,아파트,사무실,병원,상가,공장 등)",0,0,9620,0,0,0,0,경상북도 칠곡군 석적읍 남율로12길 76 석적초등학교,3,서비스
22,학교행정 사무원(교무),0,0,9620,0,0,0,0,대구광역시 달서구 새방로 77 (용산동),3,경영/사무
23,환경 미화원,0,2,934000,0,0,0,0,대구광역시 동구 이노밸리로 255 (신서동) 새론중학교,3,서비스
24,"건물 청소원(공공건물,아파트,사무실,병원,상가,공장 등)",0,0,9620,0,0,0,0,대구광역시 수성구 상화로 122-1 (두산동) 나라빌딩,1,서비스
25,섬유·의복 분야 단순 종사원,1,0,9620,0,0,0,0,"대전광역시 동구 매봉로 18 (가양동, 가양시장) 2층 제5호",1,생산/제조
26,"건물 청소원(공공건물,아파트,사무실,병원,상가,공장 등)",0,0,9620,0,0,0,0,부산광역시 기장군 정관읍 예림1로 82 장애인공존협회,1,서비스
27,지하철 택배원,1,2,1020000,0,0,0,0,서울특별시 종로구 종로43길 9 종로행복일굼터 2~3층 (종로6가),1,무역/유통
28,모니터 요원,0,2,900000,0,0,0,0,서울특별시 종로구 청계천로 1 동아미디어센터 (서린동),4,서비스
29,사무 보조원(공공기관),0,2,2010580,0,0,0,0,"세종특별자치시 정부2청사로 10 3충 301, 302호(나성동)",1,경영/사무
30,사무 보조원(공공기관),0,0,9620,0,0,0,0,울산광역시 남구 돋질로 233 (달동),3,경영/사무
31,사무 보조원(공공기관),0,0,9620,0,0,0,0,울산광역시 동구 봉수로 155 (화정동),3,경영/사무
32,사무 보조원(공공기관),0,0,9620,0,0,0,0,울산광역시 북구 산업로 1010 (연암동) (연암동),3,경영/사무
33,사무 보조원(공공기관),0,0,9620,0,0,0,0,울산광역시 울주군 청량읍 군청로 1 (울주군청),3,경영/사무
34,사무 보조원(공공기관),0,0,9620,0,0,0,0,울산광역시 중구 단장골길 1 (복산동 180-1),3,경영/사무
35,가족·학교·아동·청소년·노인·중독 등 상담 전문가,0,0,9620,0,0,0,0,"울산광역시 중구 염포로 26 상가 304호, 울산장애인부모회 (반구동, 유로캐슬)",1,서비스
36,안마사,0,0,9620,0,0,0,0,"울산광역시 중구 학성로 150 (학산동), 5층",2,서비스
37,의료 보조원,0,0,9160,0,0,0,0,인천광역시 부평구 동수로 56  (부평동),1,의료
38,음료 조리사(바리스타 포함),1,0,9620,0,0,0,0,전라남도 여수시 웅천6길 51 (웅천동) 2층,2,서비스
39,복지시설 보조원,0,2,1200000,0,0,0,0,제주특별자치도 제주시 광양4길 32 3층 (이도일동),2,의료
40,안마사,0,2,1200000,0,0,0,0,제주특별자치도 제주시 서사로 149-1 2층(삼도일동),2,서비스
41,안마사,0,2,1200000,0,0,0,0,"제주특별자치도 제주시 아봉로 433 (월평동), 제주시 아봉로 433",2,서비스
42,모니터 요원,0,2,2185370,0,0,0,0,강원도 원주시 천매봉길 19  (단구동),1,서비스
43,안마사,0,2,1600000,0,0,0,0,경기도 성남시 분당구 판교역로 220 (삼평동),4,서비스
44,기타 전자 부품·제품 조립·검사원,1,3,27000000,0,0,0,0,"경기도 성남시 중원구 둔촌대로388번길 24 810,811호",1,생산/제조
45,고객 상담원(A/S·고장·제품사용),1,0,9620,0,1,0,0,경기도 평택시 안중읍 성해1길 15 15번지,1,교육
46,LED 부품·제품 조립·검사원,1,2,1005290,0,0,0,0,"경기도 하남시 하남대로 947 하남테크노밸리 U1센터 C동 301, 302호",1,생산/제조
47,사무 보조원(공공기관),0,0,9620,0,0,0,0,경상북도 구미시 고아읍 들성로9길 13 .,3,경영/사무
48,"건물 청소원(공공건물,아파트,사무실,병원,상가,공장 등)",0,0,9620,0,0,0,0,경상북도 구미시 고아읍 들성로9길 13 .,3,서비스
49,환경 미화원,0,0,9620,0,0,0,0,경상북도 구미시 광평동 299-3번지,3,서비스
50,건물 보수원 및 영선원(아파트 기계·전기 시설관리 제외),0,0,9620,0,0,0,0,경상북도 구미시 금오산로 198-14 (남통동),3,생산/제조
51,사무 보조원(공공기관),0,0,9620,0,0,0,0,경상북도 구미시 산동읍 신당인덕3로 25 .,3,경영/사무
52,환경 미화원,0,0,9620,0,0,0,0,경상북도 구미시 오태동 산 107-2번지,3,서비스
53,사무 보조원(공공기관),0,0,9620,0,0,0,0,경상북도 구미시 왕산로 32 (임은동),3,경영/사무
54,사무 보조원(공공기관),0,0,9620,0,0,0,0,경상북도 구미시 해평면 강동로 1654 (월호리),3,경영/사무
55,환경 미화원,0,0,9620,0,0,0,0,경상북도 구미시 해평면 강동로 1654 (월호리),3,서비스
56,사무 보조원(공공기관),0,0,9620,0,0,0,0,경상북도 구미시 형곡동로 1-5 (형곡동),3,경영/사무
57,"건물 청소원(공공건물,아파트,사무실,병원,상가,공장 등)",0,0,9620,0,0,0,0,경상북도 구미시 형곡로38길 9-14 (형곡동),3,서비스
58,사무 보조원(공공기관),0,0,9620,0,0,0,0,경상북도 김천시 충효길 19 (성내동),3,경영/사무
59,세탁원(다림질원),0,0,9620,0,0,0,0,경상북도 포항시 남구 청림로 31 경상북도 포항시 남구 청림로 31(청림동),0,서비스
60,안마사,1,0,9620,0,0,0,0,경상북도 포항시 북구 법원로 1 모던빌딩(장성동),1,서비스
61,"인쇄, 목재, 가구 및 기타 제조 분야 단순 종사원",1,0,9620,0,0,0,0,경상북도 포항시 북구 소티재로 69-10  (우현동),1,생산/제조
62,직업 운동선수,0,2,1200000,0,0,정보·통신공학,0,대구광역시 동구 동내로 76 한국메디벤처센터빌딩 10층 1005호 (동내동),1,전문/특수직
63,사무 보조원(공공기관),0,0,9620,0,0,0,0,대구광역시 중구 공평로 88 대구시청 (동인동1가),3,경영/사무
64,건물 보수원 및 영선원(아파트 기계·전기 시설관리 제외),0,2,934000,0,0,0,0,부산광역시 강서구 명지국제6로318번길 54 (명지동),3,생산/제조
65,"건물 청소원(공공건물,아파트,사무실,병원,상가,공장 등)",1,0,9620,0,0,0,0,부산광역시 기장군 정관읍 정관로 859 1층,1,서비스
66,안마사,0,2,1300000,0,0,0,0,부산광역시 수영구 광안해변로358번길 7 곡암빌딩 3층 (민락동),1,서비스
67,환경 미화원,0,3,26000000,0,0,0,0,부산광역시 영도구 태종로 727 한국해양대학교 (동삼동),1,서비스
68,"건물 청소원(공공건물,아파트,사무실,병원,상가,공장 등)",0,2,1046000,0,1,0,0,서울특별시 강서구 마곡중앙5로 18 케이지스퀘어 6-8층,1,서비스
69,인문과학 연구원,1,3,27000000,0,1,0,0,서울특별시 동작구 여의대방로54길 18 . (대방동),1,전문/특수직
70,종이제품 생산기계 조작원,0,2,1000000,0,0,0,0,"서울특별시 성동구 성수일로4길 25 (성수동2가) , 807",1,생산/제조
71,환경 미화원,0,2,1010000,0,0,0,0,서울특별시 송파구 백제고분로41길 30 1층(송파동),1,서비스
72,모니터 요원,0,2,910000,0,0,0,0,서울특별시 영등포구 은행로 17 나이스평가정보 (여의도동),3,서비스
73,환경 미화원,0,0,9160,0,0,0,0,서울특별시 중구 마른내로 35 (초동)13층 CSI경영지원본부,4,서비스
74,가족·학교·아동·청소년·노인·중독 등 상담 전문가,0,0,9620,0,0,0,0,울산광역시 남구 신남로 69-1 (신정동) 대진상가 3층,2,서비스
75,전자의료기기 개발 기술자 및 연구원,1,2,2000000,0,1,0,0,전라남도 목포시 대양로 28 (연산동),1,전문/특수직
76,환경 미화원,0,0,9620,0,0,0,0,전라남도 목포시 산정로199번길 25 (산정동),2,서비스
77,환경 미화원,0,0,9620,0,0,0,0,전라남도 목포시 석현로45번길 9 (석현동),2,서비스
78,"건물 청소원(공공건물,아파트,사무실,병원,상가,공장 등)",2,0,9620,0,0,0,0,전라남도 목포시 영산로 350-3 (용당동),2,서비스
79,데스크 안내원,1,0,9620,0,0,0,0,전라남도 목포시 영산로 483 (상동 149-2),0,서비스
80,환경 미화원,0,0,9620,0,0,0,0,전라남도 목포시 하당로205번길 12 목포시장애인종합복지관,1,서비스
81,환경 미화원,0,0,9620,0,0,0,0,전라남도 무안군 무안읍 공항로 148-18 -,1,서비스
82,환경 미화원,0,0,9620,0,0,0,0,"전라남도 해남군 해남읍 신안길 2-20 (고도리, 해남군장애인종합복지관)",2,서비스
83,안마사,0,0,9620,0,0,0,0,전라남도 해남군 해남읍 영빈로 31 사)한국시각장애인연합회 해남지회,2,서비스
84,"건물 청소원(공공건물,아파트,사무실,병원,상가,공장 등)",2,0,9620,0,0,0,0,충청남도 아산시 온천대로1122번길 46-5 (득산동),1,서비스
85,사무 보조원(공공기관),0,1,80000,0,1,0,0,충청북도 진천군 덕산면 교학로 7 (덕산면),3,경영/사무
86,환경 미화원,0,0,9620,0,0,0,0,충청북도 청주시 흥덕구 옥산면 옥산산단3로 9 (옥산면),1,서비스
87,직업 운동선수,1,0,9620,0,0,0,0,충청북도 충주시 주덕읍 중원산업로 163 주식회사 천보신소재,1,전문/특수직
88,주차 관리·안내원,0,0,9620,0,0,0,0,강원도 원주시 천사로 46 (단계동),3,서비스
89,아파트·빌라 경비원,1,2,2453000,0,0,0,0,강원도 원주시 행구로 54 원주힐스테이트관리사무소,1,서비스
90,스크린 인쇄기 조작원(실크스크린 포함),1,2,2010580,0,0,0,0,경기도 광주시 초월읍 신월길 36-11 가온피앤에스,1,생산/제조
91,"건물 청소원(공공건물,아파트,사무실,병원,상가,공장 등)",1,2,2000000,0,0,0,0,"경기도 수원시 영통구 덕영대로1556번길 16 C동 4,5층 (영통동)",1,서비스
92,안마사,1,2,2010580,0,0,0,0,경기도 용인시 수지구 성복2로 17 (성복동),0,서비스
93,"기타 서비스 단순종사원(사우나,찜질방 정리원 등)",0,0,10000,0,0,0,0,경기도 평택시 경기대로 945 지하2층 사무실 (장당동),1,서비스
94,세탁 기계 조작원,1,0,9620,0,0,0,0,경기도 하남시 초일로168번길 11 (초일동),1,생산/제조
95,환경 미화원,0,0,9620,0,0,0,0,경상북도 구미시 박정희로 60-22 (상모동),3,서비스
96,건물 보수원 및 영선원(아파트 기계·전기 시설관리 제외),0,0,9620,0,0,0,0,경상북도 구미시 사곡동 461-2번지,3,생산/제조
97,건물 보수원 및 영선원(아파트 기계·전기 시설관리 제외),0,0,9620,0,0,0,0,경상북도 구미시 산동읍 신당4로 29 구미신당초등학교,3,생산/제조
98,기타 보건·의료 서비스 종사원,0,2,1900000,0,1,0,0,대구광역시 수성구 동대구로 12 . (지산동),1,서비스
99,"건물 청소원(공공건물,아파트,사무실,병원,상가,공장 등)",0,2,900000,0,0,문헌정보학,0,대구광역시 수성구 들안로 416 청운신협 (범어동),1,서비스
100,사무 보조원(일반사업체),0,2,759980,0,0,0,0,"부산광역시 동구 중앙대로260번길 7-5 (초량동), 항운회관 2층",1,경영/사무
101,"호텔·콘도·숙박시설 청소원(룸메이드,하우스키퍼)",1,2,2050000,0,0,0,0,부산광역시 해운대구 해운대해변로 287 (중동),1,서비스
102,"건물 청소원(공공건물,아파트,사무실,병원,상가,공장 등)",1,2,970000,0,0,0,0,서울특별시 강남구 테헤란로 432  (대치동),1,서비스
103,사무 보조원(일반사업체),0,0,10000,0,0,0,0,"서울특별시 강남구 테헤란로 513 K타워 9층,10층, B1층 미래의료재단 (삼성동)",1,경영/사무
104,세탁원(다림질원),0,0,10000,0,0,0,0,"서울특별시 강남구 테헤란로 513 K타워 9층,10층, B1층 미래의료재단 (삼성동)",1,서비스
105,"기타 서비스 단순종사원(사우나,찜질방 정리원 등)",0,0,10000,0,0,0,0,"서울특별시 강남구 테헤란로 513 K타워 9층,10층, B1층 미래의료재단 (삼성동)",1,서비스
106,사무 보조원(일반사업체),0,2,2090000,0,0,정보·통신공학,0,서울특별시 강남구 테헤란로87길 36 도심공항타워 24층,1,경영/사무
107,사무 보조원(일반사업체),0,2,1200000,0,0,0,0,서울특별시 강남구 학동로 401 (청담동) 2층,4,경영/사무
108,환경 미화원,0,1,44960,0,0,0,0,서울특별시 관악구 봉천7동 212-3번지,3,서비스
109,물건·이삿짐 운반원,0,3,26000000,0,1,0,0,서울특별시 동작구 대림로 27 한국금융안전 빌딩 (신대방동),1,무역/유통
110,기타 중·고등학교 교사,0,2,2000000,0,3,0,0,서울특별시 동작구 대방동길 74 성남고등학교,1,교육
111,전산자료 입력원(DB·단순자료),0,3,31000000,0,1,0,0,서울특별시 동작구 상도로 7 (대방동),1,경영/사무
112,공공행정 사무원,0,3,38000000,0,3,0,0,서울특별시 마포구 매봉산로 37 8층,1,경영/사무
113,환경 미화원,0,0,11240,0,0,0,0,서울특별시 서초구 나루터로 27 (잠원동),3,서비스
114,"기타 서비스 단순종사원(사우나,찜질방 정리원 등)",1,0,9620,0,0,0,0,서울특별시 서초구 반포대로22길 53 (서초동),1,서비스
115,도서 정리원,0,0,11240,0,1,0,0,서울특별시 용산구 녹사평대로40길 19 (이태원동),2,서비스
116,건물 보수원 및 영선원(아파트 기계·전기 시설관리 제외),0,0,9620,0,0,0,0,서울특별시 종로구 송월길 48 (신문로2가),3,생산/제조
117,사무 보조원(일반사업체),0,3,26400000,0,1,0,0,서울특별시 중구 마른내로 157-5 (광희동1가),4,경영/사무
118,사무 보조원(일반사업체),0,0,9160,0,0,0,0,서울특별시 중구 세종대로 55 (태평로2가),4,경영/사무
119,사무 보조원(일반사업체),0,2,1122000,0,0,0,0,서울특별시 중구 세종대로 67 (태평로2가),4,경영/사무
120,세차원 및 운송장비 청소원,0,2,1372540,0,0,0,0,"서울특별시 중구 을지로 65 (을지로2가) (,SK텔레콤빌딩)",1,서비스
121,환경 미화원,0,2,2000000,0,0,0,0,울산광역시 울주군 범서읍 대리로 10 울주군시설관리공단,3,서비스
122,"건물 청소원(공공건물,아파트,사무실,병원,상가,공장 등)",0,0,9160,0,0,0,0,인천광역시 부평구 부흥북로36번길 4 (부평동)칠성빌딩 2층,1,서비스
123,사무 보조원(공공기관),0,0,9620,0,0,0,0,전라남도 고흥군 고흥읍 흥양길 40 (옥하리),3,경영/사무
124,그 외 사회복지 종사원,0,0,9620,0,0,0,0,전라남도 광양시 광양읍 대림오성로 117 광양시장애인종합복지관,1,의료
125,단체 급식 보조원,0,2,538720,0,0,0,0,전라남도 광양시 광장로 1 (중동),2,서비스
126,안마사,0,0,9620,0,0,0,안마사,전라남도 광양시 광장로 1 (중동),2,서비스
127,사무 보조원(공공기관),0,0,9620,0,0,0,0,전라남도 광양시 시청로 33 광양시청 (중동),1,경영/사무
128,"기타 서비스 단순종사원(사우나,찜질방 정리원 등)",0,2,538720,0,0,0,0,전라남도 광양시 중마로 525 중마장애인복지관 (마동),1,서비스
129,"기타 서비스 단순종사원(사우나,찜질방 정리원 등)",0,0,9620,0,0,0,0,전라남도 나주시 내영산1길 67 (삼영동),2,서비스
130,안마사,0,0,9620,0,0,0,0,"전라남도 나주시 봉황로 49 (부덕동) (부덕동,한국시각장애인연합회)",1,서비스
131,그 외 사회복지 종사원,0,0,9620,0,0,0,0,전라남도 나주시 시청길 22 나주시청 (송월동),3,의료
132,안마사,0,0,9620,0,0,0,0,전라남도 목포시 비파로108번길 7-1 (상동)3층,2,서비스
133,사무 보조원(공공기관),0,0,9620,0,0,0,0,전라남도 보성군 보성읍 송재로 165 (보성리),3,경영/사무
134,안마사,0,0,9620,0,0,0,안마사,"전라남도 보성군 보성읍 현충로 186 3층, (사)한국시각장애인연합회전남지부 보성군지회",2,서비스
135,"건물 청소원(공공건물,아파트,사무실,병원,상가,공장 등)",0,0,9620,0,0,0,0,전라남도 보성군 보성읍 현충로 186 보성군장애인복지관,1,서비스
136,음료 조리사(바리스타 포함),0,0,9620,0,0,0,0,전라남도 순천시 비봉길 100 (조례동),3,서비스
137,"건물 청소원(공공건물,아파트,사무실,병원,상가,공장 등)",0,0,9620,0,0,0,0,전라남도 순천시 서면 임촌동길 90 순천장애인보호작업장,1,서비스
138,"건물 청소원(공공건물,아파트,사무실,병원,상가,공장 등)",0,0,9620,0,0,전산학·컴퓨터공학,0,전라남도 순천시 서면 청소년수련원길 2 순천시장애인종합복지관,1,서비스
139,사무 보조원(공공기관),0,2,2010580,0,0,0,0,전라남도 순천시 장명로 30 (장천동),3,경영/사무
140,"건물 청소원(공공건물,아파트,사무실,병원,상가,공장 등)",0,0,9620,0,0,0,0,전라남도 순천시 중앙1길 30-16 사)전남지체장애인협회 순천시지회 (장천동),1,서비스
141,안마사,0,0,9620,0,0,0,안마사,전라남도 순천시 중앙로 67 5층 (저전동),2,서비스
142,그 외 사회복지 종사원,0,0,9620,0,0,0,0,전라남도 여수시 시청로 1 (학동),3,의료
143,안마사,0,0,9620,0,0,0,0,전라남도 화순군 화순읍 광덕로 156 상가동 209호 (화순청전아파트),2,서비스
144,그 외 사회복지 종사원,0,0,9620,0,0,0,0,전라남도 화순군 화순읍 동헌길 23 (훈리),0,의료
145,의료 보조원,2,0,9160,0,0,0,0,전라북도 전주시 완산구 노송여울2길 134 전주선요양병원 (서노송동),1,의료
146,식품 분야 단순 종사원,1,0,9160,0,0,0,0,제주특별자치도 제주시 한림읍 금능농공길 62-8 제주공장,0,생산/제조
147,환경 미화원,0,2,3500000,0,0,0,0,충청남도 아산시 모종로 98-22 (모종동),1,서비스
148,게임 프로그래머,1,2,2010580,0,0,0,0,경기도 성남시 분당구 판교역로 182 6층 (삼평동),1,IT/인터넷
149,안마사,1,0,9620,0,0,0,0,"경상남도 창원시 성산구 상남로 71 (상남동), 404호",0,서비스
150,환경 미화원,1,0,9160,0,0,0,0,경상북도 안동시 안기천로 48 (당북동),3,서비스
151,사서,0,0,9160,0,0,0,0,경상북도 안동시 안기천로 48 (당북동),3,서비스
152,환경 미화원,0,0,9620,0,0,0,0,경상북도 영덕군 영덕읍 덕곡길 96 영덕야성초등학교,3,서비스
153,환경 미화원,0,0,9620,0,0,0,0,경상북도 울진군 울진읍 연지길 7 (연지리),3,서비스
154,식품 분야 단순 종사원,1,0,9620,0,0,0,0,경상북도 칠곡군 동명면 경북대로 860 농업회사법인 (주)일광,1,생산/제조
155,직업 운동선수,1,0,9160,0,0,0,0,경상북도 포항시 남구 괴동로 209 (주) 흥화 (괴동동),4,전문/특수직
156,환경 미화원,0,0,9620,0,0,0,0,경상북도 포항시 북구 여남포길21번길 18 (여남동),3,서비스
157,사무 보조원(공공기관),0,0,9620,0,0,0,0,경상북도 포항시 북구 용흥로291번길 19 (용흥동),3,경영/사무
158,환경 미화원,0,0,9620,0,0,0,0,경상북도 포항시 북구 우미길 93 (용흥동),3,서비스
159,건물 보수원 및 영선원(아파트 기계·전기 시설관리 제외),0,0,9620,0,0,0,0,경상북도 포항시 북구 흥해읍 옥성리 376번지,3,생산/제조
160,사서,0,0,9620,0,0,0,0,경상북도 포항시 북구 흥해읍 흥해로 101 영일도서관,3,서비스
161,식품 분야 단순 종사원,1,0,9620,0,0,0,0,광주광역시 광산구 왕버들로 207 (수완동141-1번지)                        농업회사법인한두레농산㈜ (수완동),1,생산/제조
162,"건물 경비원(청사,학교,병원,상가,빌딩,공장 등)",0,2,1382639,0,0,0,0,광주광역시 남구 서문대로654번길 5 광주씨티병원,1,서비스
163,사무 보조원(일반사업체),0,3,15400000,0,0,0,0,대구광역시 동구 안심로 280 (동호동) 표충빌딩 5층,4,경영/사무
164,자동차 부분품 조립·검사원,1,0,9620,0,0,0,0,부산광역시 기장군 장안읍 명례산단6로 140 (주)대헌정밀,1,생산/제조
165,기타 보건·의료 서비스 종사원,2,0,9610,0,0,0,0,부산광역시 서구 구덕로 179 (아미동1가),3,서비스
166,기타 보건·의료 서비스 종사원,2,0,9610,0,0,0,0,부산광역시 서구 대신공원로 26 (동대신동3가),1,서비스
167,주방 보조원(일반 음식점),1,2,1080000,0,0,0,0,서울특별시 강남구 개포로17길 13-5 (개포동) 101호,1,서비스
168,환경 미화원,0,0,9620,0,0,0,0,"서울특별시 강서구 강서로 462 대룡드림타워-1, 208호",1,서비스
169,직업 운동선수,0,0,9620,0,0,0,0,"서울특별시 서초구 남부순환로 2159 (방배동), (주) 사조대림",4,전문/특수직
170,마케팅·광고·홍보·상품기획 사무원,0,2,2100000,0,0,0,0,서울특별시 송파구 송파대로 570 타워730(신천동),4,경영/사무
171,디자인·캐드 강사,0,2,2060000,0,0,0,0,서울특별시 송파구 송파대로 570 타워730(신천동),4,디자인
172,컴퓨터 설치·수리원(컴퓨터A/S원),1,2,1020000,0,0,0,0,서울특별시 영등포구 영등포로5길 19 동아프라임밸리 901~903호 (양평동2가),1,서비스
173,"건물 청소원(공공건물,아파트,사무실,병원,상가,공장 등)",1,2,1010000,0,0,0,0,서울특별시 영등포구 영등포로5길 19 동아프라임밸리 901~903호 (양평동2가),1,서비스
174,"건물 청소원(공공건물,아파트,사무실,병원,상가,공장 등)",0,0,11240,0,0,0,0,서울특별시 용산구 이촌동 301-75번지,3,서비스
175,세탁원(다림질원),1,0,9160,0,0,0,0,인천광역시 서구 건지로97번길 33-37  (석남동),1,서비스
176,택시 운전원,2,0,9620,0,0,0,0,전라남도 목포시 남교동 89-5,1,서비스
177,세탁원(다림질원),2,0,9620,0,0,0,0,전라남도 순천시 서면 산단2길 49 주식회사 모던크린,1,서비스
178,세차원 및 운송장비 청소원,2,0,9620,0,0,0,0,전라남도 영광군 영광읍 현암길 37-4 가치올협동조합,2,서비스
179,세탁원(다림질원),1,0,9620,0,0,0,0,"전라남도 장성군 황룡면 신기길 93 (주)백양실업, 2층사무실",1,서비스
180,주차 관리·안내원,1,0,9160,0,0,0,0,충청북도 청주시 흥덕구 옥산면 과학산업3로 29 옥산면,4,서비스
181,환경 미화원,0,2,1000000,0,0,0,0,경기도 성남시 수정구 창업로 54 판교제2테크노밸리 기업성장센터 724호 (시흥동),1,서비스
182,환경 미화원,2,0,9620,0,1,0,0,경기도 하남시 조정대로 150 아이테코 오렌지존 10층 1022호 (덕풍동),4,서비스
183,기타 식품가공 종사원,1,0,9160,0,0,0,0,경상남도 김해시 한림면 김해대로1031번길 45 45,0,생산/제조
184,직업 운동선수,0,2,1200000,0,0,0,0,경상남도 창원시 마산회원구 팔용로 158 (합성동),4,전문/특수직
185,주입·포장·상표부착기 등 기타 기계 조작원,1,0,9160,0,0,0,0,경상북도 안동시 경동로 599 1층 (옥야동),0,생산/제조
186,플라스틱 사출성형기 조작원,1,0,9160,0,0,0,0,경상북도 안동시 풍천면 밀골길 17-1 HM테크,0,생산/제조
187,섬유·의복 분야 단순 종사원,1,0,9620,0,0,0,0,경상북도 칠곡군 석적읍 3공단2로 93 (주)새날테크텍스,1,생산/제조
188,사무 보조원(공공기관),0,0,9620,0,0,0,0,광주광역시 광산구 광산로29번길 15 (송정동),3,경영/사무
189,안마사,0,0,9620,0,0,0,0,광주광역시 남구 구성로 98  (서동),1,서비스
190,시설 요양보호사(노인요양사),0,0,9620,0,0,0,0,광주광역시 남구 금당로 141 (주월동),2,서비스
191,시설 요양보호사(노인요양사),0,0,9620,0,0,전기공학,0,광주광역시 동구 백서로198번길 7 광주광역시동구장애인복지관 (서석동),1,서비스
192,사무 보조원(공공기관),0,0,9620,0,0,0,0,광주광역시 동구 서남로 1 (서석동),3,경영/사무
193,시설 요양보호사(노인요양사),0,0,9620,0,0,0,0,광주광역시 북구 북문대로20번길 38 엠마우스복지관,1,서비스
194,사무 보조원(공공기관),0,0,9620,0,0,0,0,광주광역시 서구 경열로 33 광주 서구청(농성동),3,경영/사무
195,기타 전자 부품·제품 조립·검사원,1,0,9620,0,0,전산학·컴퓨터공학,0,광주광역시 서구 마륵로 13 (마륵동),1,생산/제조
196,사업체 구내식당 급식 조리사,2,0,9620,0,0,0,0,대구광역시 남구 봉덕로 97 (봉덕동) 502호,1,서비스
197,데스크 안내원,0,0,9620,0,0,0,0,대구광역시 남구 성당로 168 문성병원 (대명동),1,서비스
198,"인쇄, 목재, 가구 및 기타 제조 분야 단순 종사원",1,0,9620,0,0,0,0,대구광역시 북구 칠곡중앙대로 545-4 (읍내동),1,생산/제조
199,"건물 청소원(공공건물,아파트,사무실,병원,상가,공장 등)",0,0,9620,0,0,0,0,"대구광역시 북구 침산남로9길 164 (침산동,경상여자고등학교)",3,서비스
200,사무 보조원(일반사업체),0,0,9620,3,3,금융·회계·세무학,0,대전광역시 서구 문정로48번길 48  (탄방동),4,경영/사무
201,의료 보조원,0,0,9160,0,1,0,0,부산광역시 사상구 가야대로 326 좋은삼선병원 (주례동),1,의료
202,"인쇄, 목재, 가구 및 기타 제조 분야 단순 종사원",0,2,2090000,0,1,0,0,부산광역시 사상구 감전천로 243 (주)한국기업 (감전동),1,생산/제조
203,기타 텔레마케터,0,3,24000000,0,1,0,0,서울특별시 강남구 남부순환로355길 12 (도곡동),1,경영/사무
204,JAVA 프로그래밍 언어 전문가,0,2,2500000,0,0,전산학·컴퓨터공학,0,서울특별시 강남구 삼성동 166번지,1,IT/인터넷
205,IT 기술지원 전문가,1,3,25200000,0,1,전산학·컴퓨터공학,0,서울특별시 강남구 언주로 620 (논현동) 현대인텔렉스빌딩 6층,1,IT/인터넷
206,"건물 청소원(공공건물,아파트,사무실,병원,상가,공장 등)",0,2,1100000,0,0,0,0,서울특별시 강서구 금낭화로 222 (방화동) 서울삼정초등학교,3,서비스
207,음료 조리사(바리스타 포함),0,2,2020000,0,1,0,0,"서울특별시 강서구 하늘길 70 1층 L103-2호 (과해동, 항공지원센터) (과해동)",1,서비스
208,네일 아티스트(손톱 관리사),0,2,1550000,0,1,0,0,"서울특별시 강서구 하늘길 70 1층 L103-2호 (과해동, 항공지원센터) (과해동)",1,서비스
209,환경 미화원,0,0,9620,0,0,0,0,서울특별시 관악구 낙성대로4가길 5 낙성대동 주민센터 4층 (봉천동),1,서비스
210,환경·청소 관리자,0,2,2500000,0,0,0,0,서울특별시 양천구 남부순환로70길 19 2층 (신월동),1,서비스
211,방역원(해충퇴치원 포함),0,2,2120000,0,0,0,0,서울특별시 양천구 남부순환로70길 19 2층 (신월동),1,서비스
212,사무 보조원(공공기관),0,2,2400000,0,3,0,0,서울특별시 종로구 창경궁로 136 (원남동) 보령빌딩 5층,1,경영/사무
213,"건물 청소원(공공건물,아파트,사무실,병원,상가,공장 등)",0,0,9620,0,0,0,0,서울특별시 중구 을지로5길 26 센터원빌딩 동관 27층 인사팀,1,서비스
214,사무 보조원(공공기관),0,0,9620,0,0,0,0,전라남도 곡성군 곡성읍 군청로 50 (읍내리),3,경영/사무
215,사무 보조원(공공기관),0,0,9620,0,0,0,0,"전라남도 담양군 담양읍 추성로 1371 (객사리), 담양군청",3,경영/사무
216,세탁원(다림질원),1,0,9620,0,0,0,0,제주특별자치도 서귀포시 토평공단로127번길 23 (토평동),1,서비스
217,"인쇄, 목재, 가구 및 기타 제조 분야 단순 종사원",1,0,9620,0,0,0,0,충청남도 보령시 주교면 배다리길 116-13 강호 사업장,1,생산/제조
218,"건물 청소원(공공건물,아파트,사무실,병원,상가,공장 등)",2,0,9620,0,0,0,0,"충청남도 천안시 서북구 두정역길 48 굿모닝관리 (두정동, 두정역푸르지오아파트)",1,서비스
219,직업 운동선수,1,0,9160,0,0,0,0,충청북도 청주시 흥덕구 산단로 73   (송정동),4,전문/특수직
220,시설 요양보호사(노인요양사),1,2,2060000,0,0,0,0,강원도 춘천시 동면 소양강로 142 (동면),0,서비스
221,주방 보조원(일반 음식점),0,0,9620,0,0,0,0,경기도 성남시 분당구 구미로 8 (구미동),4,서비스
222,세탁 기계 조작원,1,0,9160,0,0,0,0,경상남도 창원시 의창구 동읍 자여로 50-24 정우세탁산업,0,생산/제조
223,건물 보수원 및 영선원(아파트 기계·전기 시설관리 제외),0,0,9620,0,0,0,0,경상북도 경주시 양정로287번길 12 (용강동),3,생산/제조
224,사무 보조원(공공기관),0,0,9620,0,0,0,0,경상북도 포항시 남구 이동 155번지,3,경영/사무
225,물류 사무원(물류 관리사),1,0,9620,0,0,0,0,광주광역시 광산구 평동산단7번로 72-28 (연산동),0,서비스
226,사무 보조원(공공기관),0,2,2010580,0,0,0,0,광주광역시 남구 봉선로 1 (주월동),3,경영/사무
227,사무 보조원(공공기관),0,0,9620,0,0,0,0,광주광역시 북구 용봉로138번길 11 358-3 (중흥동),3,경영/사무
228,주차 관리·안내원,1,0,9620,0,0,0,0,서울특별시 강서구 마곡중앙5로 18 케이지스퀘어 6-8층,1,서비스
229,의료 보조원,0,2,1157287,0,0,0,0,서울특별시 노원구 동일로 1342 인제대부속상계백병원 (상계동),1,의료
230,관광 및 통근·통학·학원 및 기타 버스 운전원,0,2,1243000,0,0,0,0,서울특별시 송파구 송파대로 570 타워730(신천동),4,서비스
231,음료 조리사(바리스타 포함),1,2,1011000,0,0,0,0,서울특별시 영등포구 선유동2로 57 이레빌딩 14층,1,서비스
232,음료 조리사(바리스타 포함),0,2,1200000,0,0,0,0,"서울특별시 영등포구 여의대로 108 43층(여의도동, 파크원타워2)",1,서비스
233,사무 보조원(공공기관),0,2,1990000,0,0,0,0,세종특별자치시 집현중앙로 79 (집현동),3,경영/사무
234,사무 보조원(공공기관),0,2,1120000,0,0,0,0,세종특별자치시 한누리대로 219 (나성동) 하림프라자 7층,3,경영/사무
235,"건물 청소원(공공건물,아파트,사무실,병원,상가,공장 등)",0,0,9160,0,0,0,0,"울산광역시 남구 돋질로355번길 23 (삼산동) 울산남부아동보호전문기관 (삼산동,울산남부아동보호전문기관)",1,서비스
236,사무 보조원(공공기관),0,0,9620,0,0,0,0,"전라남도 구례군 구례읍 봉성로 1 (봉남리), 구례군청",1,경영/사무
237,사무 보조원(공공기관),0,0,9620,0,0,0,0,"전라남도 장성군 장성읍 영천로 200 (영천리), 장성군청 총무과",3,경영/사무
238,식품 분야 단순 종사원,1,0,9160,0,0,0,0,경기도 화성시 봉담읍 마당바위로 289 1층,1,생산/제조
239,기타 전자 부품·제품 조립·검사원,1,0,9620,0,0,0,0,광주광역시 광산구 진곡산단6번로 25-30 (고룡동),1,생산/제조
240,병원행정 사무원(원무),0,0,9160,0,0,0,0,"대구광역시 남구 두류공원로17길 33 (대명동,대구카톨릭의과대학병원)",3,의료
241,"건물 경비원(청사,학교,병원,상가,빌딩,공장 등)",0,0,9160,0,0,0,0,대전광역시 중구 계룡로 825 동화빌딩 9층 (용두동),1,서비스
242,"기타 건물 관리원(공원, 종교시설 등)",1,2,1000000,0,0,0,0,부산광역시 남구 수영로266번길 77 센트럴지엠빌딩 (대연동),1,서비스
243,안마사,0,2,1600000,0,0,0,0,부산광역시 연제구 반송로 29 SKT 빌딩 14층 서비스탑 (연산동),1,서비스
244,아파트·빌라 경비원,1,2,2414030,0,0,0,0,서울특별시 구로구 디지털로 242 210호 (구로동),1,서비스
245,"건물 청소원(공공건물,아파트,사무실,병원,상가,공장 등)",0,0,9160,0,0,0,0,서울특별시 구로구 디지털로26길 5 (구로동),1,서비스
246,병원행정 사무원(원무),0,0,17033,0,0,0,0,서울특별시 동작구 보라매로5길 20 (신대방동),3,의료
247,"건물 청소원(공공건물,아파트,사무실,병원,상가,공장 등)",0,0,9620,0,0,0,0,서울특별시 마포구 월드컵로 202 2층,1,서비스
248,사회복지사(사회복지시설),1,2,2194000,0,1,0,0,서울특별시 송파구 백제고분로37길 4 5층 송파구방이복지관 (석촌동),1,의료
249,안마사,0,0,9160,0,0,0,0,서울특별시 송파구 올림픽로43길 88 서울아산병원 총무팀 (풍납동),4,서비스
250,"건물 청소원(공공건물,아파트,사무실,병원,상가,공장 등)",0,2,960000,0,0,0,0,서울특별시 영등포구 여의대로 70 신한금융투자 본사 (여의도동),1,서비스
251,"기타 서비스 단순종사원(사우나,찜질방 정리원 등)",0,0,9620,0,0,0,0,서울특별시 용산구 청파로 363  (서계동),1,서비스
252,사무 보조원(일반사업체),0,2,2150000,0,1,0,0,서울특별시 종로구 세종대로 163 현대해상빌딩,4,경영/사무
253,환경 미화원,0,2,1231400,0,0,0,0,서울특별시 중구 을지로5길 26 센터원빌딩 동관 27층 인사팀,1,서비스
254,기타 보건·의료 서비스 종사원,0,0,9160,0,0,0,0,인천광역시 계양구 경명대로972번길 9 서송병원 (계산동),1,서비스
255,기타 전기·전자 설비 조작원,1,3,32000000,0,1,0,0,충청남도 천안시 서북구 3공단1로 20 741 (백석동),1,생산/제조
256,"건물 청소원(공공건물,아파트,사무실,병원,상가,공장 등)",0,0,9160,0,0,0,0,충청북도 청주시 청원구 오창읍 과학산업3로 112 오창공장,4,서비스
257,하역·적재 종사원,1,2,1914440,0,0,0,0,충청북도 청주시 청원구 오창읍 양청송대길 74 1층,1,
258,정보시스템 운영자,1,3,27000000,0,1,0,0,경기도 과천시 별양상가1로 13 교보생명빌딩 5층 (별양동),1,
259,주차 관리·안내원,0,0,9160,0,0,0,0,경기도 수원시 팔달구 권광로 211 동수원메디뷰 803호 (인계동),1,서비스
260,사무 보조원(공공기관),0,2,538720,0,0,0,0,경기도 안산시 단원구 화랑로 387 안산시청 총무과 (고잔동),3,경영/사무
261,주입·포장·상표부착기 등 기타 기계 조작원,1,0,9160,0,0,0,0,경기도 안성시 양성면 범티길 39-57 .,1,생산/제조
262,사무 보조원(공공기관),0,2,2020000,0,1,0,0,경상남도 함양군 함양읍 함양로 1143-1 (운림리),3,경영/사무
263,환경 미화원,0,0,9620,0,0,0,0,경상북도 구미시 봉곡로14길 23-7 경북장애인부모회 구미시지부,1,서비스
264,사서,0,0,9620,0,0,0,0,경상북도 군위군 군위읍 군청로 175 삼국유사군위도서관,3,서비스
265,기타 보건·의료 서비스 종사원,0,2,1200000,0,0,0,0,광주광역시 광산구 첨단중앙로170번길 59 (쌍암동),0,서비스
266,사무 보조원(공공기관),1,0,9620,0,0,0,0,광주광역시 동구 제봉로 42 (학동),3,경영/사무
267,주방 보조원(일반 음식점),0,2,961800,0,0,0,0,대전광역시 유성구 계룡로 126 (봉명동),4,서비스
268,사무 보조원(공공기관),0,2,1145290,0,0,0,0,부산광역시 기장군 정관면 산단4로 2-69 (달산리),1,경영/사무
269,"기타 서비스 단순종사원(사우나,찜질방 정리원 등)",1,2,2200000,0,0,0,0,서울특별시 강남구 남부순환로 2748 (도곡동),1,서비스
270,총무 및 일반 사무원,0,2,2060000,0,0,0,0,서울특별시 강남구 테헤란로 332 (역삼동) 현정빌딩 9층,4,경영/사무
271,데스크 안내원,0,0,12030,0,0,0,0,서울특별시 강동구 양재대로116길 57 (길동),3,서비스
272,사업체 구내식당 급식 조리사,0,2,2000000,0,0,0,0,"서울특별시 구로구 디지털로31길 38-21 , 905호",1,서비스
273,오토바이·자전거 및 기타 운송장비 정비원,1,1,9160,0,0,0,0,서울특별시 동작구 상도로 369,1,
274,"건물 청소원(공공건물,아파트,사무실,병원,상가,공장 등)",0,2,1160000,0,0,0,0,서울특별시 마포구 월드컵북로 445 (상암동),3,서비스
275,환경 미화원,0,2,1000000,0,0,0,0,서울특별시 성동구 동일로 261 건국빌딩 (송정동),4,서비스
276,안마사,1,2,1800000,0,0,0,0,서울특별시 종로구 종로3길 17 10층 (청진동),4,서비스
277,사무 보조원(일반사업체),0,2,800000,0,0,0,0,서울특별시 중구 퇴계로 190 (필동1가),1,경영/사무
278,"건물 청소원(공공건물,아파트,사무실,병원,상가,공장 등)",0,2,1730000,0,0,0,0,인천광역시 계양구 오조산로57번길 15 505호 (계산동),1,서비스
279,식품 분야 단순 종사원,1,0,9620,0,0,0,0,인천광역시 남동구 소래로 624 2층 (만수동),1,생산/제조
280,"건물 경비원(청사,학교,병원,상가,빌딩,공장 등)",0,2,1820000,0,0,0,0,인천광역시 미추홀구 주승로 201 101호 (관교동),1,서비스
281,사무 보조원(일반사업체),0,0,9160,0,0,0,0,인천광역시 부평구 동수로 56  (부평동),1,경영/사무
282,"건물 청소원(공공건물,아파트,사무실,병원,상가,공장 등)",0,0,9620,0,0,0,0,전라남도 강진군 강진읍 고성길 17 (사)전남지체장애인협회 강진군지회,2,서비스
283,사무 보조원(공공기관),0,0,9620,0,0,0,0,전라남도 강진군 강진읍 고성길 17 전남지체장애인협회 강진군지회,3,경영/사무
284,"건물 청소원(공공건물,아파트,사무실,병원,상가,공장 등)",0,0,9620,0,0,0,0,전라남도 강진군 강진읍 중앙로 152 (동성리),2,서비스
285,복지시설 보조원,0,0,9620,0,0,0,0,전라남도 강진군 강진읍 탐진로 37-7 강진군장애인종합복지관,1,의료
286,사무 보조원(공공기관),0,1,65100,0,0,0,0,"전라남도 목포시 영산로 109 (명륜동,한국은행 빌딩)",3,경영/사무
287,안마사,0,0,9620,0,0,0,0,전라남도 목포시 영산로 361 (용해동),1,서비스
288,"기타 서비스 단순종사원(사우나,찜질방 정리원 등)",0,0,9620,0,0,0,0,전라남도 목포시 영산로692번길 12-7 (석현동),2,서비스
289,사무 보조원(공공기관),0,0,9620,0,0,0,0,전라남도 목포시 용당로 335 (용해동) 용해동행정복지센터,3,경영/사무
290,사무 보조원(공공기관),0,0,9620,0,0,0,0,전라남도 무안군 무안읍 무안로 489 (성남리 206-1),3,경영/사무
291,사무 보조원(공공기관),0,0,9620,0,0,0,0,"전라남도 신안군 압해읍 천사로 1004 (신장리), 신안군청",0,경영/사무
292,환경 미화원,0,2,538720,0,0,0,0,전라남도 영광군 영광읍 물무로2길 41 (백학리),2,서비스
293,환경 미화원,0,2,538720,0,0,0,0,전라남도 영광군 영광읍 옥당로 50 장애인복지타운(가동),1,서비스
294,사무 보조원(공공기관),0,2,2010580,0,0,0,0,"전라남도 영광군 영광읍 중앙로 203 (무령리), 영광군청 행정지원과",3,경영/사무
295,사무 보조원(공공기관),0,0,9620,0,0,0,0,전라남도 영암군 영암읍 군청로 1 (동무리),3,경영/사무
296,사무 보조원(공공기관),0,0,9620,0,0,0,0,전라남도 완도군 완도읍 청해진남로 51 (군내리),3,경영/사무
297,안마사,0,2,1260220,0,0,0,0,전라남도 장흥군 장흥읍 장흥대로 3352-1 장흥읍,2,서비스
298,사무 보조원(공공기관),0,2,2010580,0,0,0,0,전라남도 장흥군 장흥읍 장흥로 21 (건산리),3,경영/사무
299,"건물 청소원(공공건물,아파트,사무실,병원,상가,공장 등)",0,0,9620,0,0,0,0,전라남도 진도군 진도읍 교동2길 4 전국산업재해협회,2,서비스
300,사무 보조원(공공기관),0,0,9620,0,0,0,0,전라남도 진도군 진도읍 철마길 25 25,1,경영/사무
301,안마사,0,2,1260220,0,0,0,0,전라남도 함평군 함평읍 내바람길 58 함평지회,2,서비스
302,사무 보조원(공공기관),0,2,2010580,0,0,0,0,전라남도 함평군 함평읍 중앙길 200 (함평리),3,경영/사무
303,단체 급식 보조원,0,2,538720,0,0,0,0,"전라남도 함평군 함평읍 한나리길 10-25 (진양리, 함평영화학교)",3,서비스
304,사무 보조원(공공기관),0,0,9620,0,0,0,0,전라남도 해남군 해남읍 군청길 4 (성내리),3,경영/사무
305,환경 미화원,0,0,9160,0,0,0,0,제주특별자치도 제주시 문연로 5 제주특별자치도교육청 (연동),3,서비스
306,직업 운동선수,1,0,9160,0,0,0,0,제주특별자치도 제주시 서광로29길 26 1층(이도일동),1,전문/특수직
307,사무 보조원(일반사업체),1,0,9620,0,1,0,0,충청북도 청주시 상당구 상당로26번길 15-2 (서운동),2,경영/사무
308,환경 미화원,0,2,1000000,0,0,0,0,충청북도 청주시 서원구 사직대로 259 4층 (사직동),1,서비스
309,세탁 기계 조작원,1,0,9160,0,0,0,0,경기도 부천시 원미구 옥산로252번길 56 (도당동),1,생산/제조
310,"건물 경비원(청사,학교,병원,상가,빌딩,공장 등)",0,2,1600000,0,0,0,0,경기도 성남시 분당구 성남대로916번길 11 글라스타워 802호 (야탑동),1,서비스
311,사업체 구내식당 급식 조리사,1,2,1749290,0,0,0,한식조리기능사,경기도 안양시 동안구 관평로212번길 32 안양소방서 (관양동),1,서비스
312,사무 보조원(공공기관),1,0,9620,0,0,0,0,"경기도 양주시 옥정로6길 18 (옥정동, 한길프라자 2) 3층",3,경영/사무
313,세차원 및 운송장비 청소원,1,0,9160,0,0,0,0,경기도 평택시 진위면 진위2산단로 140 1030호,1,서비스
314,"기타 서비스 단순종사원(사우나,찜질방 정리원 등)",0,0,9620,0,0,0,0,경상남도 거제시 두모길 16 대우병원 (두모동),4,서비스
315,환경 미화원,0,0,9620,0,0,0,0,경상북도 봉화군 봉화읍 거촌로 28-11 내성리 285,2,서비스
316,기타 보건·의료 서비스 종사원,1,0,9160,0,0,0,0,광주광역시 광산구 수완로 6 수완센트럴병원 (신가동),1,서비스
317,섬유·의복 분야 단순 종사원,1,0,9620,0,0,0,0,광주광역시 북구 서림로81번길 1 (임동) 2층,2,생산/제조
318,세탁원(다림질원),1,0,9620,0,0,0,0,대구광역시 동구 경안로 722-1 (동호동),0,서비스
319,사무 보조원(일반사업체),0,2,1011600,0,0,0,0,"대전광역시 서구 갈마로 160 ktcs,",1,경영/사무
320,안마사,0,2,1746000,0,0,0,0,대전광역시 중구 계룡로 910 (문화동),1,서비스
321,복지시설 보조원,0,0,9160,0,0,0,0,부산광역시 해운대구 재반로12번길 16 어진샘노인종합복지관 (재송동),1,의료
322,콜센터 상담원(콜센터·고객센터·CS센터),0,2,2010580,1,0,0,0,서울특별시 강동구 양재대로 1580 사랑플러스병원 (명일동),1,교육
323,환경 미화원,0,2,538720,0,0,가족·사회·복지학,0,서울특별시 노원구 덕릉로70가길 92 .,1,서비스
324,환경 미화원,1,0,9160,0,0,0,0,서울특별시 동작구 등용로8길 5 (대방동),3,서비스
325,환경 미화원,0,2,621040,0,0,0,0,서울특별시 성북구 동소문로25가길 20 (동선동4가),1,서비스
326,사무 보조원(공공기관),0,2,621040,0,0,0,0,서울특별시 성북구 보문로 168 (삼선동5가),3,경영/사무
327,환경 미화원,0,2,621040,0,0,0,0,서울특별시 성북구 화랑로 130 (하월곡동),1,서비스
328,법무 사무원(일반 기업체),0,2,2100000,0,2,법학,0,서울특별시 송파구 올림픽로 300 (신천동) 32층,4,경영/사무
329,매장 정리원(매장 보조원),1,0,10992,0,0,0,0,서울특별시 종로구 종로 51 17층 (종로2가),1,서비스
330,사무 보조원(공공기관),0,2,2372500,0,0,0,0,인천광역시 연수구 원인재로 263 경인의료재활센터병원 (연수동),1,경영/사무
331,"건물 청소원(공공건물,아파트,사무실,병원,상가,공장 등)",1,0,9160,0,0,0,0,충청북도 청주시 흥덕구 옥산면 과학산업3로 29 아름누리,1,서비스
332,음료 조리사(바리스타 포함),1,0,9160,0,0,0,0,충청북도 청주시 흥덕구 옥산면 과학산업3로 29 아름누리,1,서비스
333,세탁원(다림질원),1,0,9160,0,0,0,0,강원도 강릉시 강변로 636-16 (주)샘터산업 (입암동),1,서비스
334,사무 보조원(공공기관),0,2,1931520,0,0,0,0,"강원도 춘천시 후석로440번길 64 (후평동), 정부춘천지방합동청사",3,경영/사무
335,웹 디자이너,0,0,9620,0,0,0,0,경기도 성남시 분당구 대왕판교로645번길 14 (삼평동),4,디자인
336,사무 보조원(일반사업체),0,0,9620,0,0,0,0,경기도 성남시 분당구 대왕판교로645번길 14 (삼평동),4,경영/사무
337,총무 및 일반 사무원,0,0,9620,0,0,0,0,경기도 성남시 분당구 대왕판교로645번길 14 (삼평동),4,경영/사무
338,생산·품질 사무원 및 관리원(음식료품),1,0,9160,0,0,0,0,경기도 용인시 기흥구 서천로201번길 14 (농서동)2층 209호~214호,4,생산/제조
339,가구 제조원,1,0,9160,0,0,0,0,경기도 포천시 가산면 방산길 82-27 나누리가구,1,생산/제조
340,도서 정리원,0,2,2140580,0,0,0,0,경상남도 창원시 마산합포구 경남대학로 7 경남대학교 (월영동) 경남대학교,4,서비스
341,"건물 청소원(공공건물,아파트,사무실,병원,상가,공장 등)",1,0,9160,0,0,0,0,경상남도 창원시 진해구 충장로82번길 15 (송학동),1,서비스
342,직업 운동선수,0,2,1350000,0,0,0,0,경상북도 경산시 진량읍 공단6로 77 경영지원본부 HR팀,1,전문/특수직
343,환경 미화원,0,2,538720,0,0,0,0,경상북도 경주시 동천로42번길 30 30 (동천동),1,서비스
344,사무 보조원(공공기관),0,0,9620,0,0,0,0,경상북도 칠곡군 왜관읍 중앙로10길 33 .,3,경영/사무
345,"기타 서비스 단순종사원(사우나,찜질방 정리원 등)",1,0,9620,0,0,0,0,광주광역시 광산구 평동공단산정로 108 (연산동),1,서비스
346,의료 보조원,0,0,9160,0,0,0,0,대전광역시 중구 문화로 282 충남대학교병원 (대사동),1,의료
347,사무 보조원(일반사업체),0,2,1300000,0,0,0,0,서울특별시 강남구 테헤란로87길 36 도심공항타워 21층 (삼성동),1,경영/사무
348,"건물 청소원(공공건물,아파트,사무실,병원,상가,공장 등)",0,2,835900,1,0,0,0,서울특별시 노원구 화랑로 621 (공릉동),0,서비스
349,환경 미화원,0,2,538720,0,0,0,0,서울특별시 도봉구 마들로 664-23 (도봉동),1,서비스
350,사무 보조원(일반사업체),2,0,9800,0,0,0,0,서울특별시 동작구 상도로 133 3층 (상도동),1,경영/사무
351,경비 관리자,0,2,2300000,0,0,0,0,서울특별시 동작구 상도로 234 서울도시가스빌딩 (상도동),1,서비스
352,"기타 서비스 단순종사원(사우나,찜질방 정리원 등)",0,2,1000000,0,0,0,0,서울특별시 서초구 효령로 321 1층(서초동),1,서비스
353,쇼핑몰택배 준비원,0,2,2100000,0,1,0,0,서울특별시 송파구 올림픽로 300 (신천동) 32층,4,무역/유통
354,생산·품질 사무원 및 관리원(그 외 분야),0,2,2100000,0,1,0,0,서울특별시 송파구 올림픽로 300 (신천동) 32층,4,생산/제조
355,음료 조리사(바리스타 포함),0,2,1036000,0,0,0,0,서울특별시 종로구 새문안로 58 광화문빌딩 2층 한울타리,1,서비스
356,환경 미화원,0,3,25000000,0,0,0,0,세종특별자치시  보듬7로 20 407 (도담동),1,서비스
357,기타 보건·의료 서비스 종사원,0,3,25000000,0,0,0,0,세종특별자치시  보듬7로 20 407 (도담동),1,서비스
358,주차 관리·안내원,0,3,13000000,0,0,0,0,세종특별자치시  보듬7로 20 407 (도담동),1,서비스
359,사무 보조원(일반사업체),0,2,2300000,0,0,0,0,"전라남도 여수시 덕충2길 32 1층 1-1호 (덕충동, GS칼텍스벨류센터)",1,경영/사무
360,안마사,1,0,9160,0,0,0,0,제주특별자치도 제주시 서광로20길 7 (삼도일동),0,서비스
361,데스크 안내원,0,0,9160,0,0,0,0,제주특별자치도 제주시 아란13길 15 (아라일동),4,서비스
362,직업 운동선수,0,2,1150000,0,0,0,0,"충청북도 청주시 청원구 북이면 충청대로 1217 (현암리), 충청대로 1217",1,전문/특수직
363,사무 보조원(일반사업체),1,0,9160,0,0,0,0,"경기도 광명시 소하로 190 제4층, 제402호(소하동, 광명G타워) (소하동)",1,경영/사무
364,시설 요양보호사(노인요양사),0,0,9620,0,0,특수교육학,0,경상북도 구미시 공원로 340 340 (형곡동),1,서비스
365,환경 미화원,0,0,9620,0,0,특수교육학,0,경상북도 구미시 공원로 340 340 (형곡동),1,서비스
366,환경 미화원,0,0,9620,0,0,0,0,경상북도 구미시 공원로 340 구미시장애인체육관 (형곡동),1,서비스
367,환경 미화원,0,0,9620,0,0,0,0,"경상북도 구미시 문장로 110 (도량동,금오종합사회복지관)",3,서비스
368,단체 급식 보조원,0,0,9620,0,0,0,0,경상북도 구미시 황상동 110번지,2,서비스
369,임산물 채취 및 기타 임업 종사원,1,0,9160,0,0,0,0,경상북도 봉화군 상운면 이동길 5 1층,2,
370,총무 및 일반 사무원,0,2,2011000,0,0,0,0,광주광역시 남구 덕남길 7 (노대동) 1층,2,경영/사무
371,그 외 사회복지 종사원,1,0,9620,0,3,국어·국문학,0,광주광역시 북구 서하로233번길 5 (오치동),2,의료
372,공공행정 사무원,1,3,23000000,0,0,0,0,대전광역시 서구 둔산북로 121 2층 209호 (둔산동),1,경영/사무
373,음료 조리사(바리스타 포함),1,0,9620,0,0,0,0,"대전광역시 유성구 문지로 285 104,105호(문지동)",1,서비스
374,건물 보수원 및 영선원(아파트 기계·전기 시설관리 제외),1,2,934000,0,0,0,0,부산광역시 부산진구 성지곡로33번길 29-28 (초읍동)부산광역시어린이회관,3,생산/제조
375,총무 및 일반 사무원,0,2,1860000,0,0,0,0,서울특별시 강남구 일원로 81 (일원동),4,경영/사무
376,안마사,1,2,1600000,0,0,0,0,서울특별시 영등포구 여의대로 108 (여의도동) 파크원 타워2 34층,1,서비스
377,매장 정리원(매장 보조원),2,0,9160,0,0,0,0,서울특별시 종로구 창경궁로 241-1 (명륜2가) 1층,4,서비스
378,사무 보조원(일반사업체),0,2,1118000,0,0,0,0,서울특별시 중구 세종대로 55 (태평로2가),4,경영/사무
379,세탁원(다림질원),1,0,9620,0,0,0,0,전라남도 목포시 둔재머리길 41 (연산동) 삼오산업,0,서비스
380,기타 보건·의료 서비스 종사원,0,0,10785,0,0,0,0,강원도 삼척시 오십천로 418,1,서비스
381,사무 보조원(공공기관),0,2,953340,0,0,0,0,"강원도 철원군 갈말읍 삼부연로 51 (신철원리), 주민생활지원과",3,경영/사무
382,광고디자이너,1,3,24500000,0,1,0,0,경기도 광주시 직동로 27 (직동),1,디자인
383,"기타 서비스 단순종사원(사우나,찜질방 정리원 등)",0,2,2120000,0,0,0,0,경기도 부천시 조마루로 170 순천향대학교 부천병원 (중동),1,서비스
384,환경 미화원,2,0,9160,0,0,0,0,경기도 성남시 중원구 둔촌대로457번길 13 SPC GFS (상대원동),1,서비스
385,기계·금속 분야 단순 종사원,1,1,100000,0,0,0,0,경기도 시흥시 범안로 506 (과림동),1,생산/제조
386,"건물 청소원(공공건물,아파트,사무실,병원,상가,공장 등)",1,2,1432800,0,0,0,0,"경기도 용인시 수지구 광교중앙로296번길 10 상현동, 광교 리치안 오피스텔 203호 (상현동)",1,서비스
387,"건물 청소원(공공건물,아파트,사무실,병원,상가,공장 등)",1,2,730000,0,0,0,0,"경기도 용인시 수지구 광교중앙로296번길 10 상현동, 광교 리치안 오피스텔 203호 (상현동)",1,서비스
388,생산·품질 사무원 및 관리원(그 외 분야),1,2,1005290,0,1,0,0,경기도 용인시 처인구 남사읍 처인성로 928 에이스엘이디,1,생산/제조
389,사무 보조원(일반사업체),0,2,2250000,0,2,0,0,경기도 하남시 고골로262번길 51 (항동) (항동),1,경영/사무
390,세차원 및 운송장비 청소원,0,2,1000000,0,0,0,0,경기도 하남시 조정대로 77 나래에너지서비스 O&M 본사 (하남열병합발전소 內) (풍산동),1,서비스
391,세탁원(다림질원),1,0,9160,0,0,0,0,경상남도 김해시 진영읍 본산2로 37-11 주식회사 위더스에스,1,서비스
392,세탁원(다림질원),1,0,9620,0,0,0,0,경상남도 양산시 북정공단2길 55  (북정동),0,서비스
393,사무 보조원(공공기관),0,2,2493370,0,0,0,0,광주광역시 남구 송암로 60 (송하동),3,경영/사무
394,사무 보조원(일반사업체),1,2,1450000,0,1,0,0,대구광역시 동구 동호로3길 22 4층 (동호동),1,경영/사무
395,창고 관리원(자재 검수원 포함),0,0,9160,0,0,0,0,대구광역시 동구 화랑로99길 9 (용계동),1,서비스
396,"건물 경비원(청사,학교,병원,상가,빌딩,공장 등)",1,2,929530,0,0,0,0,부산광역시 사하구 하신중앙로3번나길 16 (장림동),3,서비스
397,게임 디자이너,1,3,30000000,0,0,0,0,서울특별시 금천구 가산디지털1로 131 (가산동) BYC하이시티 A동 12층,1,디자인
398,"인쇄, 목재, 가구 및 기타 제조 분야 단순 종사원",0,0,9160,0,0,0,0,서울특별시 성동구 광나루로8길 31 1001호(성수동2가),1,생산/제조
399,음료 조리사(바리스타 포함),0,3,13200000,0,0,0,0,서울특별시 성동구 성수일로6길 33 아연디지털타워 3층,1,서비스
400,총무 및 일반 사무원,1,2,2390000,0,0,0,0,서울특별시 송파구 충민로 66 (문정동),4,경영/사무
401,증권 사무원(출납창구 제외),0,3,30000000,0,0,0,0,서울특별시 영등포구 국제금융로2길 36 (여의도동),4,경영/사무
402,육류 가공기계 조작원,1,0,9160,0,0,0,0,전라남도 광양시 광양읍 예구7길 18 다미설,0,생산/제조
403,음료 조리사(바리스타 포함),0,0,9620,0,0,0,0,전라남도 무안군 삼향읍 어진누리길 10 전라남도교육청 1층(민원봉사실),1,서비스
404,"건물 청소원(공공건물,아파트,사무실,병원,상가,공장 등)",0,2,1631000,0,0,0,0,충청남도 논산시 해월로 51  (부창동),1,서비스
405,사무 보조원(공공기관),0,0,9620,0,0,0,0,"강원도 고성군 간성읍 고성중앙길 9 (하리), 고성군청",3,경영/사무
406,사무 보조원(공공기관),0,0,9160,0,0,0,0,강원도 양구군 양구읍 관공서로 38 (하리),3,경영/사무
407,사무 보조원(공공기관),0,0,9620,0,0,0,0,강원도 양양군 양양읍 군청길 1 (군행리),3,경영/사무
408,생산·품질 사무원 및 관리원(기계·자동차·금속),0,0,9160,0,0,0,0,강원도 원주시 우산로 180-14 (주)케이엠텍 (우산동),1,생산/제조
409,세탁 기계 조작원,1,2,1400000,0,0,0,자동차운전면허,강원도 원주시 원일로 22 성지병원 (인동),1,생산/제조
410,사무 보조원(공공기관),0,2,538720,0,0,0,0,강원도 인제군 인제읍 인제로187번길 8 인제군청,3,경영/사무
411,종이제품 생산기계 조작원,1,2,1914440,0,0,0,0,강원도 춘천시 신북읍 아침못길 145 .,1,생산/제조
412,사무 보조원(공공기관),0,2,953340,0,0,0,0,강원도 홍천군 홍천읍 석화로 93 (희망리),3,경영/사무
413,사무 보조원(공공기관),0,2,538720,0,0,0,0,강원도 화천군 화천읍 강변로 157 2-15,1,경영/사무
414,기타 보건·의료 서비스 종사원,0,0,9160,0,0,0,0,경기도 고양시 일산동구 일산로 323 국립암센터 (마두동),4,서비스
415,식품 분야 단순 종사원,1,2,2250000,0,0,0,0,경기도 광주시 광남안로 29-10 (주)동해식품 (태전동),1,생산/제조
416,물류 사무원(물류 관리사),0,3,25000000,0,0,0,0,경기도 광주시 오포읍 오포로829번길 17 추자리,1,서비스
417,"건물 청소원(공공건물,아파트,사무실,병원,상가,공장 등)",1,2,2080000,0,0,0,0,경기도 광주시 포돌이로 135 (탄벌동),3,서비스
418,단체 급식 보조원,0,0,9160,0,0,0,0,경기도 성남시 분당구 야탑로 98 2층 (주)현대캐터링시스템 (야탑동),1,서비스
419,환경 미화원,1,0,9160,0,0,0,0,경기도 성남시 분당구 판교로 289 (삼평동),1,서비스
420,환경 미화원,1,2,1146246,0,0,0,0,경기도 성남시 수정구 수정로 91 곽여성병원  (태평동),1,서비스
421,환경 미화원,1,0,9160,0,0,0,0,경기도 성남시 수정구 위례서일로 6 우대빌딩  6F 위례재활의학과병원,1,서비스
422,"건물 청소원(공공건물,아파트,사무실,병원,상가,공장 등)",0,2,2200000,0,0,0,0,경기도 안산시 상록구 한양대학로 55 (사동),1,서비스
423,주방 보조원(일반 음식점),1,0,9160,0,0,0,0,경기도 양주시 고삼로43번길 30 (삼숭동) 곰두리어린집,0,서비스
424,식품 분야 단순 종사원,1,0,9160,0,0,0,0,경기도 하남시 미사강변서로 25 (풍산동),1,생산/제조
425,주입·포장·상표부착기 등 기타 기계 조작원,1,2,957220,0,0,0,0,"경기도 하남시 미사강변서로 25 FB329호, FB330호, FB331호, FB332호, (풍산동)",1,생산/제조
426,안마사,1,2,2000000,0,0,0,0,경기도 하남시 미사강변중앙로 226 (망월동),0,서비스
427,병원 급식 조리사,1,3,28000000,0,0,0,0,경기도 하남시 미사대로 424 4~8층  (망월동),1,서비스
428,CNC 선반 조작원(NC 선반 조작원),1,0,9160,0,1,0,0,경기도 화성시 양감면 요당길320번길 51 .,1,생산/제조
429,"건물 청소원(공공건물,아파트,사무실,병원,상가,공장 등)",0,0,9620,0,0,0,0,경상남도 창원시 의창구 중앙대로 181 (용호동),3,서비스
430,환경 미화원,0,0,9160,0,0,0,0,경상북도 경산시 원효로 309-6 (갑제동),3,서비스
431,"건물 청소원(공공건물,아파트,사무실,병원,상가,공장 등)",2,0,9620,0,0,0,0,광주광역시 북구 설죽로 433 (삼각동),0,서비스
432,환경 미화원,0,0,11830,0,0,0,0,광주광역시 북구 우치로 77 (용봉동),3,서비스
433,음료 조리사(바리스타 포함),1,0,9160,0,0,0,0,대구광역시 달성군 옥포읍 비슬로447길 20 학산보호작업장,1,서비스
434,사무 보조원(일반사업체),0,0,9160,0,0,0,0,"부산광역시 북구 금곡대로 268 405호 (화명동, 화명동대림타운)",1,경영/사무
435,공공행정 사무원,0,2,1931520,0,0,0,0,부산광역시 연제구 연제로 36 부산지방고용노동청 (연산동),1,경영/사무
436,매장 정리원(매장 보조원),0,2,1081800,0,0,0,0,서울특별시 강남구 도산대로 523 (청담동) 한섬빌딩,4,서비스
437,사무 보조원(일반사업체),0,0,9620,0,0,0,0,서울특별시 강남구 밤고개로 99 SRT 지하 1층 수서역사점 롯데리아 (수서동),1,경영/사무
438,환경 미화원,0,2,1077000,0,0,0,0,"서울특별시 강남구 테헤란로 152 (역삼동, 강남파이낸스센터) 1층",1,서비스
439,"인쇄, 목재, 가구 및 기타 제조 분야 단순 종사원",0,0,9160,0,0,0,0,서울특별시 광진구 자양로 76 (자양동),3,생산/제조
440,의료 보조원,0,0,9540,0,1,0,0,서울특별시 구로구 구로동로 148 (구로동),4,의료
441,주방 보조원(일반 음식점),1,0,9620,0,0,0,0,"서울특별시 구로구 디지털로31길 38-21 , 905호",1,서비스
442,웹 디자이너,0,2,800000,0,1,0,0,서울특별시 마포구 와우산로 118 (창전동) 후암빌딩 5층,1,디자인
443,음료 조리사(바리스타 포함),0,2,2200000,0,0,0,0,서울특별시 영등포구 63로 50 (여의도동),4,서비스
444,네일 아티스트(손톱 관리사),0,2,1550000,0,0,0,0,서울특별시 영등포구 선유로49길 23 (양평동4가),0,서비스
445,총무 및 일반 사무원,1,3,25000000,0,0,0,0,전라남도 화순군 화순읍 훈리길 15 .,1,경영/사무
446,환경 미화원,1,2,1167500,0,0,0,0,전라북도 군산시 황룡2길 61 (미룡동),3,서비스
447,기타 목재·종이 기계 조작원,1,2,1510340,0,0,0,0,전라북도 전주시 덕진구 서당길 37 1층 (용정동),1,생산/제조
448,재봉사(의류·직물),1,0,9620,0,0,0,0,충청남도 천안시 서북구 입장면 망향로 1225 천안cs,1,생산/제조
449,환경 미화원,0,0,9620,0,0,0,0,충청남도 홍성군 홍성읍 충절로 741 (구룡리),3,서비스
450,"기타 서비스 단순종사원(사우나,찜질방 정리원 등)",0,2,950000,0,0,0,0,경기도 수원시 장안구 경수대로 795 (영화동),4,서비스
451,물류 사무원(물류 관리사),0,3,28000000,1,0,0,0,경기도 시흥시 서해안로 186 대정화금(주) (정왕동),1,서비스
452,신발 제조기계 조작원 및 조립원,1,2,1915000,0,0,0,0,경기도 양주시 백석읍 권율로1203번길 39-29 주식회사 커밍,1,생산/제조
453,제과·제빵원,1,0,9160,0,0,0,0,경기도 하남시 미사강변서로 25 (풍산동),1,생산/제조
454,빌딩 전기관리원,1,2,2400000,0,0,0,전기기사,경상남도 창원시 마산합포구 가포로 652 창원요양병원 (덕동동),1,생산/제조
455,대기 환경 기술자 및 연구원,1,0,9620,0,0,0,0,경상남도 창원시 진해구 죽곡로 158 (죽곡동) 진해공장,0,전문/특수직
456,환경 미화원,0,0,9620,0,0,0,0,"경상북도 영양군 영양읍 영양창수로 83 (동부리, 영양군교육청)",3,서비스
457,환경 미화원,0,0,9620,0,0,0,0,경상북도 포항시 남구 지곡로 150 (지곡동) 포항제철공업고등학교,4,서비스
458,음료 조리사(바리스타 포함),0,3,15000000,0,0,0,0,대전광역시 유성구 엑스포로 325 (원촌동) (주)SK 대덕연구단지,4,서비스
459,"기타 건물 관리원(공원, 종교시설 등)",0,3,24126960,0,0,0,0,대전광역시 유성구 엑스포로 409 (문지동),1,서비스
460,의료 보조원,0,0,9160,0,0,0,0,부산광역시 남구 석포로26번길 17 ..(감만동),0,의료
461,"건물 경비원(청사,학교,병원,상가,빌딩,공장 등)",1,2,2000000,0,0,0,0,"부산광역시 남구 신선로 365 (용당동) 1308-B호(감만동, 부경대학교 용당캠퍼스 한미르관)",1,서비스
462,"건물 청소원(공공건물,아파트,사무실,병원,상가,공장 등)",0,2,2300000,0,0,0,0,서울특별시 강남구 강남대로62길 31 예원빌딩 5층 (역삼동),1,서비스
463,사무 보조원(일반사업체),1,0,9160,0,0,0,0,서울특별시 강서구 강서로 468 에이스테크노타워 701호 (등촌동),1,경영/사무
464,주차 관리·안내원,0,2,2411000,0,1,0,0,서울특별시 강서구 마곡중앙5로 18 케이지스퀘어 6-8층,1,서비스
465,주차 관리·안내원,0,2,2302000,0,1,0,0,서울특별시 강서구 마곡중앙5로 18 케이지스퀘어 6-8층,1,서비스
466,환경 미화원,0,2,1008000,0,1,0,0,서울특별시 강서구 마곡중앙5로 18 케이지스퀘어 6-8층,1,서비스
467,안마사,0,2,2000000,0,0,0,0,서울특별시 강서구 양천로 401 강서한강자이타워A동 601호 (가양동),1,서비스
468,주입·포장·상표부착기 등 기타 기계 조작원,1,2,1914440,0,0,0,0,서울특별시 금천구 두산로9길 28 (독산동),1,생산/제조
469,주입·포장·상표부착기 등 기타 기계 조작원,0,2,2300000,0,0,0,0,"서울특별시 동대문구 경희대로 23 (회기동), 경희의료원",4,생산/제조
470,모니터 요원,0,2,1154400,0,0,0,0,서울특별시 마포구 월드컵북로 400 9층 한국저작권보호원 (상암동),1,서비스
471,사회복지사(사회복지시설),1,2,2194000,0,0,0,사회복지사,서울특별시 송파구 백제고분로37길 4 5층 송파구방이복지관 (석촌동),1,의료
472,환경 미화원,1,0,9620,0,0,0,0,서울특별시 영등포구 영등포로5길 19 903호 (양평동2가),1,서비스
473,"기타 건물 관리원(공원, 종교시설 등)",0,2,1000000,0,0,0,0,서울특별시 중랑구 동일로 780 (중화동),3,서비스
474,배송·납품 운전원(납품영업 포함),0,0,9620,0,0,0,자동차운전면허1종보통,전라남도 순천시 별량면 온수길 63 봉림리 901-1,1,서비스
475,단체 급식 보조원,0,0,9620,0,0,0,0,전라남도 순천시 해룡면 율촌산단5로 46 1층 현대제철(주)단조공장내 직원식당,4,서비스
476,공공행정 사무원,1,2,1868000,0,0,0,0,전라북도 남원시 남문로 373 (왕정동),3,경영/사무
477,"건물 경비원(청사,학교,병원,상가,빌딩,공장 등)",1,2,1541000,0,0,0,0,전라북도 익산시 선화로1길 106 (모현동2가),3,서비스
478,콜센터 상담원(콜센터·고객센터·CS센터),0,2,2008000,0,0,0,0,전라북도 전주시 덕진구 안덕원로 191 (인후동2가),3,교육
479,환경 미화원,1,2,1868000,0,0,0,0,전라북도 전주시 완산구 홍산로 111 (효자동2가),3,서비스
480,사무 보조원(일반사업체),0,0,9160,0,0,0,0,제주특별자치도 제주시 서광로 193 (삼도일동),0,경영/사무
481,사무 보조원(일반사업체),0,2,861600,0,0,0,0,제주특별자치도 제주시 전농로 114 KT제주단 신관 제주고객센터(이도일동),4,경영/사무
482,사무 보조원(공공기관),0,2,538720,0,0,0,0,강원도 원주시 동부순환로 9-8 원주시장애인종합복지관 (단구동),1,경영/사무
483,세탁원(다림질원),0,0,9160,0,0,0,0,강원도 원주시 태장공단길 77 성안 주식회사 (태장동),1,서비스
484,"인쇄, 목재, 가구 및 기타 제조 분야 단순 종사원",1,0,9160,0,0,0,0,강원도 원주시 흥업면 한라대길 28 창업보육센터 2동 103호,1,생산/제조
485,음료 조리사(바리스타 포함),1,0,9160,0,0,0,0,강원도 홍천군 홍천읍 석화로 93 홍천군청점,2,서비스
486,사업체 구내식당 급식 조리사,1,2,2300000,0,0,0,0,경기도 군포시 고산로 429 (산본동),3,서비스
487,"인쇄, 목재, 가구 및 기타 제조 분야 단순 종사원",1,0,9160,0,0,0,0,경기도 성남시 중원구 둔촌대로 495 (상대원동),1,생산/제조
488,환경 미화원,1,0,9160,0,0,0,0,경기도 화성시 동탄대로21길 24 (영천동),1,서비스
489,음료 조리사(바리스타 포함),2,0,9160,0,0,0,0,경상남도 고성군 고성읍 동외로151번길 50 진현빌딩 1층,2,서비스
490,사무 보조원(일반사업체),1,0,9160,0,0,0,0,경상남도 김해시 번화1로 36 엠아이병원  (대청동),1,경영/사무
491,배송·납품 운전원(납품영업 포함),1,0,9160,0,0,자동차공학,0,"경상남도 김해시 인제로 197 (어방동) (삼방동, 인제대학교) 4층 401호 창조관",1,서비스
492,"인쇄, 목재, 가구 및 기타 제조 분야 단순 종사원",0,0,9160,0,0,가족·사회·복지학,0,경상남도 창원시 의창구 도계두리길 20 유진빌딩 1층 (도계동),1,생산/제조
493,소각로 조작원,0,3,35000000,0,0,0,0,경상남도 창원시 진해구 천자로 105-1 진해자원회수시설(진해소각장) (덕산동),1,생산/제조
494,주차 관리·안내원,1,2,1694000,0,0,0,0,광주광역시 광산구 목련로 316 (신가동),0,서비스
495,주차 관리·안내원,0,2,2100000,0,0,0,0,대구광역시 수성구 수성로 194 (중동),1,서비스
496,사무 보조원(일반사업체),0,0,9160,0,0,0,0,대구광역시 중구 명륜로 69 (남산동),4,경영/사무
497,사무 보조원(공공기관),0,2,1850000,0,0,0,0,부산광역시 남구 문현금융로 33 기술보증기금 (문현동),3,경영/사무
498,사무 보조원(공공기관),0,2,1850000,0,0,0,0,부산광역시 남구 문현금융로 33 기술보증기금 (문현동),3,경영/사무
499,사무 보조원(일반사업체),1,0,9160,0,0,0,0,부산광역시 수영구 민락수변로17번길 36 (민락동) 타워더모스트광안 1022호,0,경영/사무
500,사무 보조원(일반사업체),0,2,1005290,0,0,0,0,"서울특별시 강남구 테헤란로 419 강남파이낸스플라자2층,5층 (삼성동)",1,경영/사무
501,고객 상담원(A/S·고장·제품사용),1,2,2210000,0,1,정보·통신공학,0,서울특별시 강남구 테헤란로 509 5층 (삼성동),1,교육
502,사무 보조원(공공기관),0,2,538720,0,0,가족·사회·복지학,0,서울특별시 강북구 도봉로89길 13 (수유동),1,경영/사무
503,환경 미화원,0,0,9120,0,0,0,0,서울특별시 강서구 강서로 468 에이스테크노타워 701호 (등촌동),1,서비스
504,음료 조리사(바리스타 포함),1,0,9160,0,0,0,0,서울특별시 광진구 용마산로 127 (중곡동),1,서비스
505,환경 미화원,0,0,9160,0,0,0,0,서울특별시 광진구 자양로 117 광진구청 (자양동),1,서비스
506,모니터 요원,0,2,980000,0,0,0,0,서울특별시 마포구 만리재로 15 (공덕동) 5층 501호(제일빌딩),1,서비스
507,사무 보조원(공공기관),0,0,9160,0,0,0,0,서울특별시 성동구 고산자로 270 성동구청 (행당동),3,경영/사무
508,의료 보조원,1,0,9160,0,0,0,0,서울특별시 성동구 마장로 207 (홍익동) 서울특별시장애인치과병원,1,의료
509,사무 보조원(일반사업체),0,2,2000000,0,0,0,0,서울특별시 성동구 성수이로24길 32 1층(성수동2가),1,경영/사무
510,데스크 안내원,0,2,1000000,0,0,0,0,서울특별시 성동구 왕십리로 206 (행당동),4,서비스
511,전산자료 입력원(DB·단순자료),0,0,11000,0,3,영미어·문학,0,"서울특별시 송파구 올림픽로 300 35층 (신천동,롯데월드타워앤드롯데월드몰)",4,경영/사무
512,사무 보조원(일반사업체),0,2,1500000,0,2,0,0,서울특별시 영등포구 여의대로 66 15층,1,경영/사무
513,의료 보조원,1,2,1780000,0,0,0,0,"서울특별시 종로구 대학로 101 (연건동,서울대학교병원)",3,의료
514,매장 정리원(매장 보조원),1,0,9160,0,0,0,0,서울특별시 종로구 종로 51 17층 (종로2가),1,서비스
515,자재·구매 사무원(일반 사업체),0,3,33000000,0,0,전산학·컴퓨터공학,0,서울특별시 중구 남대문시장10길 2 (회현동1가),1,경영/사무
516,환경 미화원,0,0,9160,0,0,0,0,서울특별시 중랑구 봉화산로 179 중랑구청 (신내동),3,서비스
517,"인쇄, 목재, 가구 및 기타 제조 분야 단순 종사원",0,0,9160,0,0,0,0,서울특별시 중랑구 봉화산로 179 중랑구청 (신내동),3,생산/제조
518,음료 조리사(바리스타 포함),1,2,1005290,0,0,0,0,서울특별시 중랑구 상봉중앙로1길 6 (상봉동),3,서비스
519,사무 보조원(공공기관),0,2,1162350,0,0,0,0,인천광역시 남동구 정각로 29 (구월동),3,경영/사무
520,"건물 청소원(공공건물,아파트,사무실,병원,상가,공장 등)",1,0,9160,0,0,0,0,인천광역시 중구 서해대로 332 (신흥동3가),0,서비스
521,식품 분야 단순 종사원,1,0,9620,0,0,0,0,전라남도 순천시 별량면 온수길 63 봉림리 901-1,1,생산/제조
522,주방 보조원(일반 음식점),0,0,9160,0,0,0,0,전라남도 여수시 산단중앙로 460 1층(중흥동),4,서비스
523,건물 보수원 및 영선원(아파트 기계·전기 시설관리 제외),1,2,1401000,0,0,0,0,전라북도 남원시 향단로 77 (동충동),3,생산/제조
524,"건물 경비원(청사,학교,병원,상가,빌딩,공장 등)",1,2,1541000,0,0,0,0,전라북도 전주시 덕진구 안덕원로 71 (진북동),3,서비스
525,사무 보조원(공공기관),0,2,2830000,0,1,0,0,충청북도 진천군 덕산읍 교학로 8 한국교육과정평가원,1,경영/사무
526,"기타 서비스 단순종사원(사우나,찜질방 정리원 등)",0,1,76960,0,0,0,0,충청북도 청주시 청원구 내수읍 구성새동네길 39 (구성리),3,서비스
527,세차원 및 운송장비 청소원,0,0,9160,0,0,0,0,충청북도 청주시 흥덕구 직지대로240번길 58 (비하동) (),1,서비스
528,고객 상담원(스포츠·예식·항공·여행·숙박·오락),1,2,2164440,0,1,0,0,서울특별시 강남구 테헤란로 509 5층 (삼성동),1,교육
529,공공행정 사무원,0,2,1145290,0,0,0,0,강원도 원주시 북원로2425번길 73 한국폴리텍대학 원주캠퍼스,3,경영/사무
530,안마사,1,0,9160,0,0,0,0,경기도 고양시 일산동구 중앙로 1205 (장항동) 602호,1,서비스
531,환경 미화원,1,2,2080000,0,0,0,0,경기도 광주시 포돌이로 135 (탄벌동),3,서비스
532,환경 미화원,0,2,1000000,0,0,0,0,경기도 성남시 수정구 창업로 54 판교제2테크노밸리 기업성장센터 724호 (시흥동),1,서비스
533,환경 미화원,0,2,963000,0,0,0,0,"경기도 용인시 수지구 광교중앙로296번길 10 상현동, 광교 리치안 오피스텔 203호 (상현동)",1,서비스
534,사무 보조원(공공기관),0,0,9620,0,0,0,0,경상남도 고성군 고성읍 성내로 130,1,경영/사무
535,사무 보조원(일반사업체),1,0,9160,0,0,0,0,"경상남도 진주시 범골로54번길 30-9 B동 708,709,710,715호 (충무공동)",1,경영/사무
536,기타 식품가공 종사원,1,0,9160,0,0,0,0,경상남도 진주시 판문오동길 124  (판문동),1,생산/제조
537,사무 보조원(공공기관),0,0,9620,0,0,0,0,경상남도 창원시 마산합포구 3·15대로 210 (중앙동3가),3,경영/사무
538,사무 보조원(공공기관),0,0,9620,0,0,0,0,"경상남도 창원시 마산회원구 삼호로 63 (양덕동,마산종합운동장)",3,경영/사무
539,사무 보조원(공공기관),0,0,9620,0,0,0,0,경상남도 창원시 성산구 창원대로 1086 (성주동),3,경영/사무
540,사무 보조원(공공기관),0,0,9620,0,0,0,0,경상남도 창원시 의창구 우곡로101번길 30-3 (명서동),1,경영/사무
541,사무 보조원(공공기관),0,0,9620,0,0,0,0,경상남도 창원시 의창구 태복산로15번길 8 (도계동),3,경영/사무
542,사무 보조원(공공기관),0,0,9620,0,0,0,0,경상남도 창원시 진해구 진해대로 1101 (풍호동),3,경영/사무
543,사무 보조원(공공기관),0,0,9620,0,0,0,0,경상남도 함안군 가야읍 말산로 1 함안군청,3,경영/사무
544,환경 미화원,0,2,1400000,0,0,0,0,경상북도 경산시 성암로21길 39 (옥산동),1,서비스
545,보안 관제원(경비 관제원),0,0,9160,0,0,0,0,경상북도 구미시 신시로10길 12 (형곡동),4,서비스
546,식품 분야 단순 종사원,1,0,9160,0,0,0,0,경상북도 의성군 봉양면 농공마전길 32-13 .,1,생산/제조
547,주입·포장·상표부착기 등 기타 기계 조작원,0,2,1917000,0,0,0,0,대구광역시 달서구 달서대로91길 35 (호림동),1,생산/제조
548,단체 급식 보조원,1,0,9160,0,0,0,0,대구광역시 북구 학남로 13 (학정동),1,서비스
549,사무 보조원(일반사업체),0,0,9160,0,0,0,0,"부산광역시 해운대구 센텀중앙로 79 7~10층 (우동, 센텀사이언스파크)",3,경영/사무
550,사무 보조원(일반사업체),0,3,31000000,0,1,0,0,서울특별시 강동구 상일로6길 26 글로벌엔지니어링센터 (상일동),1,경영/사무
551,웹 개발자(웹 엔지니어·웹 프로그래머),1,3,30000000,0,3,0,0,서울특별시 구로구 디지털로26길 5 (구로동),1,IT/인터넷
552,의료 보조원,0,3,15000000,0,1,0,0,서울특별시 동작구 흑석로 102  (흑석동),1,의료
553,사무 보조원(일반사업체),1,0,9160,0,0,0,0,서울특별시 영등포구 영등포로5길 19 동아프라임밸리 901~903호,1,경영/사무
554,세차원 및 운송장비 청소원,0,3,13000000,0,0,0,0,"서울특별시 종로구 종로 26 지하3층(서린동, SK빌딩 내)",1,서비스
555,사무 보조원(공공기관),0,1,40000,0,1,0,0,세종특별자치시 시청대로 370 세종국책연구단지 B동 8층 (반곡동),3,경영/사무
556,건물 보수원 및 영선원(아파트 기계·전기 시설관리 제외),1,2,1868000,0,0,0,0,전라북도 군산시 축동로 129 (서흥남동),3,생산/제조
557,"건물 경비원(청사,학교,병원,상가,빌딩,공장 등)",1,2,1401000,0,0,0,0,전라북도 남원시 향단로 77 (동충동),3,서비스
558,사무 보조원(공공기관),0,2,1010100,0,0,0,0,전라북도 완주군 삼례읍 삼례로 443 우석대학교,4,경영/사무
559,사서,0,0,9160,0,0,0,0,전라북도 완주군 삼례읍 삼례로 443 우석대학교,4,서비스
560,건물 보수원 및 영선원(아파트 기계·전기 시설관리 제외),1,2,1401000,0,0,0,0,전라북도 장수군 계북면 장무로 1005-12 (어전리),3,생산/제조
561,사무 보조원(일반사업체),1,0,9160,0,0,0,0,강원도 원주시 양지로 70 (반곡동) 213호,0,경영/사무
562,기타 식품가공 종사원,1,0,9160,0,0,0,0,"강원도 원주시 우산로 177 (우산동,삼양식품공장)",1,생산/제조
563,주입·포장·상표부착기 등 기타 기계 조작원,1,2,1914440,0,0,0,0,강원도 춘천시 충열로 90 (우두동),1,생산/제조
564,"인쇄, 목재, 가구 및 기타 제조 분야 단순 종사원",1,0,9160,0,0,0,0,강원도 춘천시 퇴계공단1길 21-12 (퇴계동) (주)웰코스,1,생산/제조
565,기타 비금속제품 생산기계 조작원,1,0,9163,0,0,0,0,강원도 횡성군 횡성읍 정문로 88 일륭기공(주)내 공장 에이동,1,생산/제조
566,총무 및 일반 사무원,1,3,24000000,3,2,0,0,경기도 과천시 별양상가1로 13 교보생명빌딩 5층 (별양동),1,경영/사무
567,식품 분야 단순 종사원,1,2,1000000,0,0,0,0,경기도 군포시 공단로 149 (당동) B107호,1,생산/제조
568,총무 및 일반 사무원,1,2,3000000,0,1,0,0,경기도 수원시 영통구 삼성로 129 (매탄동),4,경영/사무
569,사무 보조원(일반사업체),0,2,538720,0,0,0,0,경기도 수원시 장안구 송원로24번길 17 경기도지체장애인협회 (송죽동),1,경영/사무
570,사무 보조원(일반사업체),0,2,538720,0,0,0,0,경기도 안양시 만안구 경수대로 1132 (안양동),2,경영/사무
571,사무 보조원(일반사업체),0,2,538720,0,0,0,0,"경기도 안양시 만안구 냉천로 39 (안양동,안양시수리장애인종합복지관)",2,경영/사무
572,사무 보조원(일반사업체),0,2,538720,0,0,0,0,경기도 안양시 만안구 안양로138번길 21 (안양동),2,경영/사무
573,국가·지방행정 사무원,0,0,9160,0,0,0,0,경기도 이천시 부악로 40 490 (중리동),3,경영/사무
574,"기타 서비스 단순종사원(사우나,찜질방 정리원 등)",1,2,1950000,0,0,0,0,경기도 화성시 정남면 만년로98번길 47 2층,1,서비스
575,사무 보조원(공공기관),0,2,1145290,0,0,0,0,경기도 화성시 팔탄면 제암고주로 108 한국폴리텍대학 화성캠퍼스,3,경영/사무
576,기타 보건·의료 서비스 종사원,0,2,2300000,0,1,0,0,"경상남도 거창군 거창읍 중앙로 91 (상림리, 거창적십자병원)",3,서비스
577,식품 분야 단순 종사원,2,0,9160,0,0,0,0,경상남도 김해시 한림면 김해대로1031번길 45 45,0,생산/제조
578,아파트·빌라 경비원,0,2,2000000,0,0,0,0,경상북도 포항시 북구 장량로18번길 39-1 (주)영일에이치오엠,1,서비스
579,환경 미화원,0,0,9160,0,0,0,0,경상북도 포항시 북구 장량로18번길 39-1 (주)영일에이치오엠,1,서비스
580,사업체 구내식당 급식 조리사,0,2,2500000,0,0,0,0,대전광역시 서구 문정로48번길 48  (탄방동),4,서비스
581,사무 보조원(일반사업체),0,2,1850000,0,0,0,0,부산광역시 남구 문현금융로 33 기술보증기금 (문현동),3,경영/사무
582,대기 환경 기술자 및 연구원,0,3,30500000,0,3,0,0,부산광역시 해운대구 센텀7로 12 (우동),3,전문/특수직
583,"건물 경비원(청사,학교,병원,상가,빌딩,공장 등)",0,2,2200000,0,0,0,0,서울특별시 강남구 테헤란로 322 테헤란로322 한신인터밸리 서관 20층 (역삼동),1,서비스
584,사무 보조원(일반사업체),0,2,1360000,0,0,정보·통신공학,0,서울특별시 강남구 테헤란로87길 36 도심공항타워 24층,1,경영/사무
585,사무 보조원(일반사업체),0,2,538720,0,0,재활학,0,서울특별시 관악구 남부순환로 1914 6층 (봉천동),1,경영/사무
586,"인쇄, 목재, 가구 및 기타 제조 분야 단순 종사원",1,0,9160,0,0,0,0,서울특별시 금천구 벚꽃로 254 (가산동),1,생산/제조
587,사무 보조원(공공기관),0,2,538720,0,0,0,0,서울특별시 도봉구 마들로 656 3층 복지정책과 복지정책팀 (방학동),3,경영/사무
588,가족·학교·아동·청소년·노인·중독 등 상담 전문가,1,2,1020000,0,0,0,0,서울특별시 동작구 만양로14길 60 (노량진동),2,서비스
589,"건물 청소원(공공건물,아파트,사무실,병원,상가,공장 등)",1,2,1914440,0,0,0,0,인천광역시 계양구 오조산로57번길 15 505호(계산동),1,서비스
590,승합차 운전원,1,2,2200000,0,0,0,0,전라북도 완주군 봉동읍 봉동동서로 89 지체장애인 협회,1,서비스
591,"건물 경비원(청사,학교,병원,상가,빌딩,공장 등)",1,2,1120700,0,0,0,0,"전라북도 전주시 덕진구 송천중앙로 170 (송천동1가,전주솔내고등학교)",3,서비스
592,음료 조리사(바리스타 포함),2,0,9160,0,0,0,0,전라북도 전주시 완산구 홍산로 111 (효자동2가),2,서비스
593,사무 보조원(공공기관),0,2,538720,0,0,0,0,강원도 속초시 중앙로 183 (중앙동),3,경영/사무
594,음료 조리사(바리스타 포함),0,2,1914440,0,0,0,0,강원도 춘천시 영서로 2854 (사농동),3,서비스
595,총무 및 일반 사무원,0,2,1080000,0,0,0,0,경기도 광주시 도척면 도척로 401-87 쿠팡 경기광주1센터,4,경영/사무
596,사무 보조원(공공기관),0,2,953340,0,0,0,0,경기도 시흥시 새재로 32 272-9 (장현동),1,경영/사무
597,환경 미화원,1,2,1842410,0,0,0,0,경기도 안양시 만안구 시민대로 5 (안양동),3,서비스
598,환경 미화원,0,2,750000,0,0,0,0,"경기도 용인시 수지구 광교중앙로 304 미주프라자, 901호 (상현동)",1,서비스
599,의료 보조원,0,0,9160,0,0,0,0,경상남도 창원시 의창구 명서동 212,4,의료
600,환경 미화원,0,0,9620,0,0,0,0,경상북도 상주시 만산8길 11 (만산동),2,서비스
601,환경 미화원,0,0,9620,0,0,0,0,경상북도 영주시 원당로52번길 25 영주시장애인종합복지관 (휴천동),1,서비스
602,"건물 경비원(청사,학교,병원,상가,빌딩,공장 등)",0,0,9160,0,0,0,0,경상북도 포항시 북구 장량로18번길 39-1 (주)영일에이치오엠,1,서비스
603,웹 디자이너,1,0,9160,0,0,0,0,"광주광역시 광산구 앰코로 35 501-1호(쌍암동, 폭스존5층)",1,디자인
604,환경 미화원,1,0,9620,0,0,0,0,광주광역시 광산구 하남산단5번로 26 (장덕동),4,서비스
605,총무 및 일반 사무원,0,3,13560000,0,0,0,0,서울특별시 강남구 언주로 725 보전빌딩 10층 (논현동),1,경영/사무
606,주차 관리·안내원,1,2,3166700,0,0,0,0,서울특별시 강서구 강서로 468 에이스테크노타워 701호 (등촌동),1,서비스
607,단체 급식 보조원,1,0,9160,0,0,0,0,서울특별시 강서구 마곡중앙10로 91 (마곡동),4,서비스
608,기타 전자 부품·제품 조립·검사원,2,0,9160,0,0,0,0,서울특별시 금천구 가산디지털2로 53 (가산동) 305호,0,생산/제조
609,의복·가죽·모피 수선원,1,2,1960000,0,0,0,0,서울특별시 동작구 보라매로5길 15 전문건설회관 23층 (신대방동),4,생산/제조
610,사무 보조원(일반사업체),1,3,29000000,0,2,0,0,서울특별시 마포구 마포대로 63-8 삼창프라자 6층 (도화동),1,경영/사무
611,기타 식품가공 종사원,1,2,1950000,0,0,0,0,"서울특별시 성동구 성수이로 51 서울숲한라시그마벨리 1차 지하1층 (성수동2가,서울숲한라시그마벨리)",1,생산/제조
612,음료 조리사(바리스타 포함),1,2,1000000,0,0,0,0,서울특별시 성동구 연무장5가길 7 West 13층 (성수동2가),1,서비스
613,의료 보조원,0,0,9540,0,0,0,0,서울특별시 성북구 고려대로 73 (안암동5가),4,의료
614,총무 및 일반 사무원,0,3,13300000,0,1,생명과학,0,서울특별시 송파구 올림픽로 300 (신천동),1,경영/사무
615,마케팅·광고·홍보·상품기획 사무원,1,3,28000000,0,0,0,0,서울특별시 영등포구 여의대로 24 43층 (여의도동),1,경영/사무
616,음료 조리사(바리스타 포함),0,3,13000000,0,0,0,0,서울특별시 종로구 종로 26 (서린동),4,서비스
617,매장 정리원(매장 보조원),0,0,9160,0,0,0,0,서울특별시 중구 소월로 3 롯데손해보험 B/D 7~9층 (남창동),1,서비스
618,음료 조리사(바리스타 포함),2,0,9160,0,0,0,0,"서울특별시 중구 을지로 100 (을지로2가) B동 15, 16, 17층",1,서비스
619,"인쇄, 목재, 가구 및 기타 제조 분야 단순 종사원",1,0,9160,0,0,0,0,울산광역시 울주군 언양읍 옥동길 4-9 (주)푸드윈,1,생산/제조
620,영양사,1,2,2068000,0,0,0,0,전라북도 부안군 부안읍 매창로 113 전라북도부안교육지원청,3,서비스
621,음료 조리사(바리스타 포함),2,0,100,0,0,0,0,전라북도 전주시 덕진구 벚꽃로 55 1층 아이갓에브리씽  (진북동),0,서비스
622,음료 조리사(바리스타 포함),2,0,100,0,0,0,0,전라북도 전주시 완산구 서원로 232 1층 아이갓에브리씽  (효자동1가),0,서비스
623,관광 및 통근·통학·학원 및 기타 버스 운전원,2,0,9160,0,0,0,0,제주특별자치도 제주시 거로남10길 132-14 (도련일동),1,서비스
624,사무 보조원(공공기관),0,2,2010580,0,0,0,0,충청북도 괴산군 괴산읍 임꺽정로 90 충북 괴산군 서부리 125번지,3,경영/사무
625,사무 보조원(공공기관),0,0,9620,0,0,0,0,충청북도 단양군 단양읍 수변로 7 7,1,경영/사무
626,사무 보조원(공공기관),0,2,2010580,0,0,0,0,충청북도 보은군 보은읍 군청길 38 (이평리),3,경영/사무
627,사무 보조원(공공기관),0,2,2010580,0,0,0,0,충청북도 영동군 영동읍 동정로 1 (계산리),3,경영/사무
628,사무 보조원(공공기관),0,2,2010580,0,0,0,0,충청북도 옥천군 옥천읍 중앙로 99 옥천군청,1,경영/사무
629,사무 보조원(공공기관),0,2,2010580,0,0,0,0,"충청북도 음성군 음성읍 중앙로 173 (읍내리), 음성군청",3,경영/사무
630,사무 보조원(공공기관),0,2,2010580,0,0,0,0,충청북도 제천시 내토로 295 제천시청 (천남동),3,경영/사무
631,사무 보조원(공공기관),0,2,2010580,0,0,0,0,"충청북도 증평군 증평읍 광장로 88 (창동리), 증평군청",1,경영/사무
632,사무 보조원(공공기관),0,2,2010580,0,0,0,0,충청북도 진천군 진천읍 상산로 13 (읍내리),3,경영/사무
633,사무 보조원(공공기관),0,0,9620,0,0,0,0,충청북도 청주시 상당구 상당로 155 (북문로3가),3,경영/사무
634,사무 보조원(일반사업체),0,0,9620,0,0,0,0,충청북도 청주시 청원구 내수읍 국동길 3 (주) 클레버,1,경영/사무
635,사무 보조원(공공기관),0,2,2010580,0,0,0,0,충청북도 충주시 으뜸로 21 (금릉동),3,경영/사무
636,음료 조리사(바리스타 포함),1,0,9160,0,0,0,0,강원도 원주시 배울로 85 1층 (반곡동),1,서비스
637,사무 보조원(공공기관),0,2,2010580,0,0,0,0,"강원도 정선군 정선읍 봉양3길 21 (봉양리), 정선군청",3,경영/사무
638,전기·전자 분야 단순 종사원,1,0,9160,1,0,0,0,경기도 부천시 평천로 852 유공유체빌딩 3층 (도당동),1,생산/제조
639,음료 조리사(바리스타 포함),0,2,1010100,0,0,0,0,경기도 성남시 분당구 대왕판교로 660 B-70 ( 유스페이스 제7층) (삼평동),1,서비스
640,사무 보조원(공공기관),0,2,957220,0,0,0,0,경기도 수원시 권선구 오목천동 수원여대길 62,0,경영/사무
641,주차 관리·안내원,0,3,27000000,0,0,0,0,경기도 안양시 동안구 벌말로102번길 54 (관양동),1,서비스
642,사무 보조원(공공기관),0,2,2200000,0,2,0,0,경기도 안양시 동안구 평촌대로253번길 41 별관 2층 (비산동),1,경영/사무
643,환경 미화원,0,2,2050000,0,0,0,0,경기도 안양시 만안구 박달로 351 (주)노루코일코팅 (박달동),1,서비스
644,건물 보수원 및 영선원(아파트 기계·전기 시설관리 제외),0,2,1500000,0,0,0,0,"경기도 용인시 수지구 광교중앙로 304 미주프라자, 901호 (상현동) (상현동)",1,생산/제조
645,"건물 청소원(공공건물,아파트,사무실,병원,상가,공장 등)",0,0,9620,0,0,0,0,경기도 하남시 미사강변중앙로7번안길 25 (풍산동) 유테크밸리 C동 7층,1,서비스
646,포장(패키지)디자이너,1,0,9160,0,0,0,0,경기도 화성시 보통내길 82-9 (정남면 보통리) (정남면),1,디자인
647,공사현장 경비원,0,2,2200000,0,0,0,0,경기도 화성시 봉담읍 와우안길 109 103-213,1,서비스
648,사무 보조원(공공기관),0,0,9620,0,0,0,0,경상북도 경산시 자인면 일연로 93 (북사리),3,경영/사무
649,"인쇄, 목재, 가구 및 기타 제조 분야 단순 종사원",1,0,9160,0,0,0,0,경상북도 구미시 고아읍 봉한4안길 70-90 .,0,생산/제조
650,건물 보수원 및 영선원(아파트 기계·전기 시설관리 제외),0,0,9620,0,0,0,0,경상북도 구미시 황상동 97-3번지,3,생산/제조
651,"범용 응용 소프트웨어 프로그래머(ERP,정보처리,재무관리 등)",1,2,1914440,0,0,0,0,대구광역시 동구 동촌로 289 대왕빌딩 4층 (방촌동),1,서비스
652,생산·품질 사무원 및 관리원(기계·자동차·금속),0,3,40000000,0,0,0,0,부산광역시 기장군 정관읍 농공길 2-9 (주)성우하이텍,1,생산/제조
653,음료 조리사(바리스타 포함),0,0,9160,0,0,0,0,서울특별시 마포구 독막로 311 (염리동) 재회스퀘어 12층,1,서비스
654,"건물 청소원(공공건물,아파트,사무실,병원,상가,공장 등)",0,2,2010580,0,0,0,0,"서울특별시 성동구 아차산로 104 303호(성수동2가, 제일빌딩)  (성수동2가)",1,서비스
655,배송·납품 운전원(납품영업 포함),0,0,9160,0,0,0,0,서울특별시 송파구 백제고분로42길 5 송파여성문화회관 4층(송파동),3,서비스
656,"건물 청소원(공공건물,아파트,사무실,병원,상가,공장 등)",0,2,1520560,0,0,0,0,서울특별시 영등포구 선유로9길 10 313호(문래 SK V1센터),1,서비스
657,사무 보조원(일반사업체),1,0,9160,0,0,0,0,서울특별시 영등포구 선유서로31길 3 미디어비즈센터 7층 (양평동3가),1,경영/사무
658,공공행정 사무원,0,3,23000000,0,0,0,0,서울특별시 영등포구 양산로 91 1404호(당산동3가),3,경영/사무
659,"건물 청소원(공공건물,아파트,사무실,병원,상가,공장 등)",0,0,10260,0,0,0,0,서울특별시 중구 남대문시장10길 2 6층 (회현동1가),4,서비스
660,"인쇄, 목재, 가구 및 기타 제조 분야 단순 종사원",1,2,750000,0,1,0,0,"서울특별시 중구 을지로 170 , 을지트윈타워 지하2층 201호",1,생산/제조
661,시설 요양보호사(노인요양사),0,2,1250000,0,0,0,0,울산광역시 울주군 삼동면 삼동로 670-18 울산노인요양원,2,서비스
662,기타 전자 부품·제품 조립·검사원,1,0,9160,0,0,0,0,"인천광역시 서구 보듬로 158 공존 1010호 (오류동, 블루텍)",0,생산/제조
663,배송·납품 운전원(납품영업 포함),1,2,2200000,0,0,0,0,"전라남도 여수시 소호5길 32 (소호동, 엘지석유화학소호사택)",4,서비스
664,사무 보조원(공공기관),1,2,2008000,0,0,0,0,전라북도 전주시 완산구 홍산로 111 (효자동2가),3,경영/사무
665,주입·포장·상표부착기 등 기타 기계 조작원,0,0,9500,0,0,0,0,충청북도 충주시 충원대로 862 (목행동),1,생산/제조
666,음료 조리사(바리스타 포함),1,0,9160,0,0,0,0,강원도 동해시 부곡5길 14 (부곡동),3,서비스
667,"인쇄, 목재, 가구 및 기타 제조 분야 단순 종사원",1,0,9160,0,0,0,0,강원도 동해시 지양길 168 (지흥동) .,1,생산/제조
668,사무 보조원(공공기관),0,2,2010580,0,0,0,0,강원도 태백시 태붐로 21 (황지동),1,경영/사무
669,사무 보조원(공공기관),0,2,538720,0,0,0,0,경기도 군포시 청백리길 6 (금정동),3,경영/사무
670,주점·커피숍 서빙원,1,0,9160,0,0,0,0,경기도 수원시 장안구 경수대로 1111 1층 (파장동),1,서비스
671,사무 보조원(공공기관),0,2,1005290,0,0,0,0,경기도 안산시 단원구 화랑로 387 안산시청 총무과 (고잔동),3,경영/사무
672,병원 코디네이터,1,2,1000000,0,0,0,0,경기도 의정부시 평화로 650 (의정부동),0,의료
673,전기·전자 분야 단순 종사원,1,0,9160,0,1,0,0,"경상남도 김해시 김해대로916번길 154-24 (병동리), 한림농공단지 5블록5롯트 (한림면)",1,생산/제조
674,직업 운동선수,0,0,9160,0,0,0,0,경상남도 양산시 소주공단1길 41 (주남동),4,전문/특수직
675,사서,0,0,9620,0,0,0,0,경상북도 경주시 초당길15번길 15 (동천동),3,서비스
676,사무 보조원(공공기관),0,0,9620,0,0,0,0,경상북도 영덕군 영덕읍 군청길 116 (남석리),3,경영/사무
677,사무 보조원(공공기관),0,0,9620,0,0,0,0,"경상북도 영양군 영양읍 군청길 37 (서부리), 영양군청",3,경영/사무
678,사무 보조원(공공기관),0,0,9620,0,0,0,0,"경상북도 울릉군 울릉읍 도동2길 66 (도동리), 울릉군청",3,경영/사무
679,사무 보조원(공공기관),0,0,9620,0,0,0,0,경상북도 울진군 울진읍 울진중앙로 121 464,1,경영/사무
680,가전 판매원(컴퓨터 포함),1,2,1964800,0,0,0,0,대전광역시 서구 둔산중로 38 202호  (둔산동),1,서비스
681,안마사,2,2,1600000,0,0,0,0,부산광역시 동래구 충렬대로 412 SK텔레콤빌딩 6층(안락동),1,서비스
682,"인쇄, 목재, 가구 및 기타 제조 분야 단순 종사원",0,0,9620,0,0,0,0,부산광역시 사상구 학감대로192번길 60 (학장동) 4층,2,생산/제조
683,음료 조리사(바리스타 포함),0,0,9160,0,0,0,0,서울특별시 강남구 논현로75길 6 (역삼동),1,서비스
684,대여제품 방문 점검원,1,0,9160,0,0,0,0,서울특별시 동작구 상도로 369,1,서비스
685,머천다이저(MD),1,3,2000000,0,0,0,0,서울특별시 동작구 상도로 369 형남공학관 2층 준비홀,1,서비스
686,환경 미화원,0,2,1000000,0,0,0,0,서울특별시 서초구 잠원로14길 29 롯데건설(주) (잠원동),1,서비스
687,전산자료 입력원(약국·판매·대리점),0,2,2100000,0,0,0,0,서울특별시 송파구 송파대로 570 타워730(신천동),4,서비스
688,"기타 서비스 단순종사원(사우나,찜질방 정리원 등)",0,0,9160,0,0,0,0,서울특별시 송파구 올림픽로 300 (신천동)27층,4,서비스
689,"지휘자, 작곡가 및 연주가",0,0,9160,0,0,0,0,울산광역시 남구 처용로616번길 133 (황성동),4,전문/특수직
690,기타 전자 부품·제품 조립·검사원,1,0,9620,0,0,0,0,울산광역시 북구 농공단지4길 55 (달천동),1,생산/제조
691,조경 식재원,0,0,9160,0,0,0,0,울산광역시 중구 염포로 55  (남외동),1,서비스
692,사무 보조원(공공기관),0,0,9620,0,0,0,0,인천광역시 강화군 강화읍 강화대로 394 강화군청,1,경영/사무
693,환경·청소 관리자,1,0,9500,0,0,0,0,충청북도 청주시 흥덕구 옥산면 옥산산단3로 9 (옥산면),1,서비스
694,사무 보조원(공공기관),0,0,9160,0,0,0,0,강원도 춘천시 동내로 10 교통안전공단 강원지사 (석사동),1,경영/사무
695,사무 보조원(공공기관),0,2,2010580,0,0,0,0,강원도 횡성군 횡성읍 태기로 15 (읍하리),3,경영/사무
696,사무 보조원(공공기관),0,0,9620,0,0,0,0,경기도 가평군 가평읍 석봉로 181 513,1,경영/사무
697,사무 보조원(공공기관),0,0,9620,0,0,0,0,경기도 구리시 아차산로 439 구리시청 (총무과) (교문동),3,경영/사무
698,물류 사무원(물류 관리사),1,3,25000000,0,0,0,0,경기도 성남시 분당구 판교로228번길 15 판교7벤처벨리 농수산홈쇼핑동 (삼평동),4,서비스
699,사무 보조원(공공기관),0,0,9620,0,0,0,0,경기도 양주시 부흥로 1533 (남방동),3,경영/사무
700,공공행정 사무원,0,0,9620,0,0,0,0,경기도 양평군 양평읍 군청앞길 2 (양근리),3,경영/사무
701,사무 보조원(공공기관),0,0,9160,0,0,0,0,경기도 여주시 세종로 1 미래정보담당관 (홍문동),1,경영/사무
702,환경 미화원,1,2,786000,0,0,0,0,"경기도 용인시 수지구 광교중앙로296번길 10 상현동, 광교 리치안 오피스텔 203호 (상현동)",1,서비스
703,사무 보조원(공공기관),0,0,9620,0,0,0,0,경기도 포천시 중앙로 87  (신읍동),3,경영/사무
704,기계·금속 분야 단순 종사원,1,0,9160,0,0,0,0,경상남도 김해시 진례면 테크노밸리길 188-44 (주)행성 진례공장,1,생산/제조
705,통신장비 설치·수리원,0,0,9160,0,0,0,0,경상북도 경산시 원효로 60 (계양동),3,서비스
706,사무 보조원(공공기관),0,0,9620,0,0,0,0,"경상북도 경주시 양정로 260 (동천동), 경주시청 시정새마을과 인사계",3,경영/사무
707,기타 전자 부품·제품 조립·검사원,1,0,9160,0,0,0,0,경상북도 김천시 혁신8로 5 율곡테크노벨리 301호 (율곡동),1,생산/제조
708,사무 보조원(공공기관),0,0,9620,0,0,0,0,경상북도 봉화군 봉화읍 봉화로 1111 (내성리),3,경영/사무
709,사무 보조원(공공기관),0,0,9620,0,0,0,0,경상북도 상주시 상산로 223 (남성동),3,경영/사무
710,관광 및 통근·통학·학원 및 기타 버스 운전원,0,0,9160,0,0,0,0,경상북도 안동시 광명로 159 (옥동)  201호,2,서비스
711,사무 보조원(일반사업체),0,2,538720,0,0,0,0,경상북도 안동시 옥동1길 21 안동시장애인종합복지관 (옥동),1,경영/사무
712,사무 보조원(공공기관),0,0,9620,0,0,0,0,경상북도 안동시 퇴계로 115 (명륜동),3,경영/사무
713,사무 보조원(공공기관),0,0,9620,0,0,0,0,경상북도 영주시 시청로 1 (휴천동),3,경영/사무
714,사무 보조원(공공기관),0,0,9620,0,0,0,0,경상북도 예천군 예천읍 군청길 33 (노상리),3,경영/사무
715,사무 보조원(공공기관),0,0,9620,0,0,0,0,경상북도 의성군 의성읍 군청길 31 (후죽리),3,경영/사무
716,사무 보조원(공공기관),0,0,9620,0,0,0,0,"경상북도 청송군 청송읍 군청로 51 (월막리), 청송군청",3,경영/사무
717,사무 보조원(공공기관),0,0,9620,0,0,0,0,경상북도 포항시 남구 시청로 1 포항시청 (대잠동),1,경영/사무
718,매장 정리원(매장 보조원),1,0,9160,0,0,0,지게차운전기능사  자동차운전면허1종보통,대구광역시 달서구 달구벌대로 1360 대구 필식자재마트[성서점] (장기동),1,서비스
719,기타 제도사(캐드원),1,3,31000000,0,2,정보·통신공학,정보처리산업기사  정보통신산업기사,대구광역시 동구 팔공로45길 22 (봉무동),1,IT/인터넷
720,직업 운동선수,0,2,1217000,0,0,0,0,대구광역시 북구 엑스코로 10 (산격동),3,전문/특수직
721,기타 보건·의료 서비스 종사원,0,2,1250000,0,1,0,0,대전광역시 중구 수침로 89 (태평동) 대전노인복지센터,2,서비스
722,"인쇄, 목재, 가구 및 기타 제조 분야 단순 종사원",0,0,9160,0,0,0,0,부산광역시 사하구 을숙도대로 559 (신평동),1,생산/제조
723,"건물 경비원(청사,학교,병원,상가,빌딩,공장 등)",1,2,2170000,0,0,0,0,부산광역시 서구 원양로 87 성진수산(주) (암남동),1,서비스
724,조련사(공연)·마술사 등 기타 시각 및 공연 예술가,1,0,9620,0,0,0,0,"부산광역시 해운대구 선수촌로21번길 65 (반여동, 현대그린맨션)",0,
725,상품 진열원,1,0,9160,0,0,0,0,부산광역시 해운대구 세실로 39 새삶빌딩 7층 비호 (좌동),1,서비스
726,주방 보조원(일반 음식점),0,2,2020000,0,0,0,0,부산광역시 해운대구 해운대해변로 296 (중동),4,서비스
727,사무 보조원(일반사업체),0,0,9500,0,0,전산학·컴퓨터공학,0,서울특별시 강남구 테헤란로87길 36 도심공항타워 24층,1,경영/사무
728,세탁원(다림질원),2,0,9160,0,0,0,0,"서울특별시 송파구 올림픽로 269 (신천동, 롯데캐슬골드)",4,서비스
729,프로그래밍·웹·웹디자인·DB 강사,0,3,11496000,0,1,0,0,"서울특별시 용산구 한강대로 372 24층 (동자동, 센트레빌아스테리움서울)",4,디자인
730,환경 미화원,1,0,9160,0,0,0,0,세종특별자치시 시청대로 336 (반곡동),3,서비스
731,"건물 청소원(공공건물,아파트,사무실,병원,상가,공장 등)",0,0,9620,0,0,0,0,울산광역시 남구 삼산중로 6 울산발전연구원,1,서비스
732,전기·전자 분야 단순 종사원,0,2,1380000,0,0,0,0,인천광역시 계양구 아나지로 110 (효성동),4,생산/제조
733,"건물 청소원(공공건물,아파트,사무실,병원,상가,공장 등)",0,2,1680590,0,0,0,0,인천광역시 계양구 오조산로57번길 15 505호 (계산동),1,서비스
734,"건물 청소원(공공건물,아파트,사무실,병원,상가,공장 등)",1,2,1554850,0,0,0,0,인천광역시 계양구 오조산로57번길 15 505호 (계산동),1,서비스
735,사무 보조원(공공기관),0,0,9620,0,0,0,0,인천광역시 남구 매소홀로 120 옹진군청 (용현동),3,경영/사무
736,자동차 부분품 조립·검사원,0,0,9160,0,0,0,0,인천광역시 서구 봉수대로 303-11 1동 (석남동),1,생산/제조
737,제과·제빵원,2,0,9160,0,0,0,0,"인천광역시 중구 반달로14번길 14 1층,2층  (북성동1가)",2,생산/제조
738,사회복지사(공공행정),0,3,30000000,0,0,0,0,"전라북도 무주군 무주읍 주계로 97 (읍내리), 무주군청",1,의료
739,단체 급식 보조원,0,0,9160,0,0,0,0,제주특별자치도 제주시 1100로 3198-13 지하2층(노형동),4,서비스
740,단체 급식 보조원,0,0,9160,0,0,0,0,제주특별자치도 제주시 1100로 3198-8 지하1층(노형동),4,서비스
741,의료 보조원,1,2,1914440,0,0,0,0,충청남도 공주시 탄천면 효자길 100 .,1,의료
742,지게차 운전원,2,0,9620,0,0,0,0,충청남도 아산시 신창면 행목로 11-19 주식회사 정코스메틱,1,서비스
743,김치·밑반찬 제조 종사원,1,0,9160,0,0,0,0,충청북도 음성군 원남면 원남산단로 80 (상노리 740-1),1,생산/제조
744,음식서비스 관리자,1,2,2040000,0,0,0,0,충청북도 청주시 흥덕구 옥산면 과학산업3로 29 아름누리,1,서비스
745,세차원 및 운송장비 청소원,1,0,10000,0,0,0,0,충청북도 청주시 흥덕구 직지대로240번길 58 (비하동) (),1,서비스
746,주입·포장·상표부착기 등 기타 기계 조작원,1,0,9160,0,0,0,0,강원도 원주시 흥업면 원문로 813-5 바동,0,생산/제조
747,사무 보조원(공공기관),0,2,1005290,0,0,0,0,강원도 춘천시 시청길 11 (옥천동),1,경영/사무
748,음료 조리사(바리스타 포함),1,0,9160,0,0,0,0,강원도 춘천시 영서로2151번길 30 (퇴계동),2,서비스
749,음료 조리사(바리스타 포함),1,0,9160,0,0,0,0,강원도 횡성군 횡성읍 삼일로 10 하누앤카누,0,서비스
750,음료 조리사(바리스타 포함),1,0,9160,0,0,0,0,강원도 횡성군 횡성읍 태기로 15 카페아이갓에브리싱 횡성군청점,2,서비스
751,콜센터 상담원(콜센터·고객센터·CS센터),0,2,1030000,0,0,0,0,경기도 광주시 도척면 도척로 401-87 쿠팡 경기광주1센터,4,교육
752,"인쇄, 목재, 가구 및 기타 제조 분야 단순 종사원",1,3,31200000,0,0,0,0,경기도 부천시 평천로850번길 55 페어차일드코리아반도체 (도당동),1,생산/제조
753,"건물 청소원(공공건물,아파트,사무실,병원,상가,공장 등)",2,0,9160,0,0,0,0,경기도 안산시 상록구 선진안길 59 (사동),1,서비스
754,환경 미화원,1,3,24000000,0,0,0,0,경기도 안산시 상록구 해안로 705 경기테크노파크 (사동),1,서비스
755,음료 조리사(바리스타 포함),0,2,1080000,0,0,0,0,경기도 오산시 황새로 211 (가수동) LG테크센터 B1층,1,서비스
756,사무 보조원(공공기관),0,2,538720,0,0,0,0,경기도 의왕시 시청로 11 의왕시청 (고천동),3,경영/사무
757,사무 보조원(일반사업체),0,3,25000000,0,0,0,0,경기도 의왕시 오전공업길 19 대현테크노월드 807호 (오전동),1,경영/사무
758,창고 관리원(자재 검수원 포함),1,2,3200000,0,0,0,0,경기도 의왕시 장안남북로1길 4 .,1,서비스
759,환경 미화원,0,2,2010580,0,0,0,0,경상북도 포항시 남구 형산강북로 389 포항시장애인종합복지관,1,서비스
760,사무 보조원(공공기관),0,2,1005290,0,0,0,0,경상북도 포항시 북구 새천년대로 1307 (장성동),2,경영/사무
761,환경 미화원,0,2,1005290,0,0,0,0,경상북도 포항시 북구 새천년대로 1486 1층 (여남동),1,서비스
762,음료 조리사(바리스타 포함),0,0,9160,0,0,0,0,경상북도 포항시 북구 소티재로 133 (우현동),4,서비스
763,"인쇄, 목재, 가구 및 기타 제조 분야 단순 종사원",1,0,9620,0,0,0,0,광주광역시 광산구 하남산단3번로 105 (장덕동) (),1,생산/제조
764,공사현장 경비원,0,2,2140000,0,0,0,0,대전광역시 유성구 테크노1로 12-22 디티비안 A-747(관평동),1,서비스
765,"건물 청소원(공공건물,아파트,사무실,병원,상가,공장 등)",0,0,9160,0,0,0,0,부산광역시 동래구 명륜로207번길 18 동래구노인복지관,1,서비스
766,사무 보조원(일반사업체),0,0,9160,0,0,0,0,부산광역시 부산진구 서전로10번길 28 14층 (부전동),1,경영/사무
767,사무 보조원(일반사업체),1,0,9160,0,0,0,0,부산광역시 사상구 삼덕로 59 (덕포동),2,경영/사무
768,환경 미화원,0,2,1500000,0,0,0,0,서울특별시 강남구 삼성로 156 하이마트사옥 (대치동),1,서비스
769,안마사,0,2,1700000,0,0,0,0,서울특별시 강남구 역삼로 226 오츠카비전빌딩 한국오츠카제약 (역삼동),4,서비스
770,오토바이·자전거 및 기타 운송장비 정비원,0,2,2380000,0,0,0,0,서울특별시 강남구 테헤란로 332 (역삼동) 현정빌딩 9층,4,
771,환경·청소 관리자,0,2,2200000,0,0,0,0,서울특별시 강남구 테헤란로 409 동신빌딩 (삼성동),1,서비스
772,총무 및 일반 사무원,1,2,2000000,0,0,0,0,서울특별시 금천구 디지털로9길 68 (가산동) 1202호,1,경영/사무
773,사무 보조원(공공기관),0,2,2000000,0,0,0,0,서울특별시 동작구 장승배기로 161 (노량진동),3,경영/사무
774,사무 보조원(공공기관),0,2,1005290,0,0,0,0,서울특별시 마포구 월드컵로 212 마포구청 (성산동),3,경영/사무
775,사무 보조원(일반사업체),0,0,9540,0,0,0,0,서울특별시 성북구 고려대로 73 (안암동5가),4,경영/사무
776,UX/UI 디자이너,0,2,2100000,0,0,0,0,서울특별시 송파구 송파대로 570 타워730(신천동),4,디자인
777,출판·자료 편집 사무원,0,2,2060000,0,0,0,0,서울특별시 송파구 송파대로 570 타워730(신천동),4,경영/사무
778,주차 관리·안내원,1,3,26500000,0,0,0,0,서울특별시 송파구 올림픽로 424 우리금융아트홀,3,서비스
779,환경 미화원,1,3,23200000,0,0,0,0,서울특별시 송파구 올림픽로 424 우리금융아트홀,3,서비스
780,"건물 청소원(공공건물,아파트,사무실,병원,상가,공장 등)",0,2,960000,0,0,0,0,서울특별시 영등포구 여의대로 70 신한금융투자 본사 (여의도동),1,서비스
781,사무 보조원(일반사업체),0,3,30000000,0,1,0,0,서울특별시 영등포구 의사당대로 3 현대캐피탈 (여의도동),4,경영/사무
782,"건물 청소원(공공건물,아파트,사무실,병원,상가,공장 등)",0,1,80000,0,0,0,0,서울특별시 종로구 율곡로 75  (계동),1,서비스
783,세탁원(다림질원),0,2,1100000,0,0,0,0,"서울특별시 종로구 종로 26 지하3층(서린동, SK빌딩 내)",1,서비스
784,"인쇄, 목재, 가구 및 기타 제조 분야 단순 종사원",2,0,9160,0,0,0,0,"서울특별시 중랑구 신내역로3길 40-36 A동 1층 R106호 (신내동, 신내데시앙플렉스지식산업센터)",1,생산/제조
785,"건물 청소원(공공건물,아파트,사무실,병원,상가,공장 등)",0,1,79670,0,0,0,0,울산광역시 남구 중앙로 201 (신정동),3,서비스
786,플라스틱제품 조립원 및 검사원,1,0,9160,0,1,0,0,인천광역시 계양구 서운산단로2길 73 (서운동),1,생산/제조
787,"건물 청소원(공공건물,아파트,사무실,병원,상가,공장 등)",1,2,1303940,0,0,0,0,인천광역시 계양구 오조산로57번길 15 505호 (계산동),1,서비스
788,전기·전자 분야 단순 종사원,1,0,9160,0,0,0,0,인천광역시 남동구 논현로46번길 39-30 (논현동),1,생산/제조
789,주입·포장·상표부착기 등 기타 기계 조작원,0,2,1950000,0,0,0,0,전라북도 완주군 봉동읍 완주산단5로 248 아이큐어(주) 완주공장,1,생산/제조
790,병원 급식 조리사,1,2,1500000,0,0,0,0,전라북도 전주시 완산구 용머리로 73 2층 102호 (효자동1가),1,서비스
791,세탁원(다림질원),1,0,9160,0,0,0,0,제주특별자치도 제주시 선반로8길 21-2 2163-1 (화북일동),1,서비스
792,식품 분야 단순 종사원,1,0,9160,0,0,0,0,충청북도 제천시 송학면 송학로10길 35 (농업회사법인(주)태성김치),1,생산/제조
